model_index,max_depth,criterion,min_samples_leaf,accuracy,precision_class_1,precision_class_2,precision_class_3,precision_class_4,average precision,recall_class_1,recall_class_2,recall_class_3,recall_class_4,average recall,f_measure_class_1,f_measure_class_2,f_measure_class_3,f_measure_class_4,average f_measure
1,4,gini,1,0.7958333333333333,0.92,0.7829457364341085,0.7213114754098361,0.0,0.6060643029609861,0.71875,0.8487394957983193,0.7857142857142857,0.0,0.5883009453781513,0.8070175438596492,0.814516129032258,0.7521367521367521,0,0.5934176062571648
2,4,gini,2,0.7958333333333333,0.92,0.7829457364341085,0.7213114754098361,0.0,0.6060643029609861,0.71875,0.8487394957983193,0.7857142857142857,0.0,0.5883009453781513,0.8070175438596492,0.814516129032258,0.7521367521367521,0,0.5934176062571648
3,4,gini,3,0.7958333333333333,0.92,0.7829457364341085,0.7213114754098361,0.0,0.6060643029609861,0.71875,0.8487394957983193,0.7857142857142857,0.0,0.5883009453781513,0.8070175438596492,0.814516129032258,0.7521367521367521,0,0.5934176062571648
4,4,gini,4,0.8,0.9056603773584906,0.7936507936507936,0.7213114754098361,0.0,0.6051556616047801,0.75,0.8403361344537815,0.7857142857142857,0.0,0.5940126050420168,0.8205128205128206,0.8163265306122449,0.7521367521367521,0,0.5972440258154544
5,4,gini,5,0.7958333333333333,0.92,0.7829457364341085,0.7213114754098361,0.0,0.6060643029609861,0.71875,0.8487394957983193,0.7857142857142857,0.0,0.5883009453781513,0.8070175438596492,0.814516129032258,0.7521367521367521,0,0.5934176062571648
6,4,gini,6,0.7958333333333333,0.92,0.7829457364341085,0.7213114754098361,0.0,0.6060643029609861,0.71875,0.8487394957983193,0.7857142857142857,0.0,0.5883009453781513,0.8070175438596492,0.814516129032258,0.7521367521367521,0,0.5934176062571648
7,4,gini,7,0.7958333333333333,0.92,0.7829457364341085,0.7213114754098361,0.0,0.6060643029609861,0.71875,0.8487394957983193,0.7857142857142857,0.0,0.5883009453781513,0.8070175438596492,0.814516129032258,0.7521367521367521,0,0.5934176062571648
8,4,gini,8,0.8,0.9056603773584906,0.7936507936507936,0.7213114754098361,0.0,0.6051556616047801,0.75,0.8403361344537815,0.7857142857142857,0.0,0.5940126050420168,0.8205128205128206,0.8163265306122449,0.7521367521367521,0,0.5972440258154544
9,4,gini,9,0.8,0.9056603773584906,0.7936507936507936,0.7213114754098361,0.0,0.6051556616047801,0.75,0.8403361344537815,0.7857142857142857,0.0,0.5940126050420168,0.8205128205128206,0.8163265306122449,0.7521367521367521,0,0.5972440258154544
10,4,gini,10,0.8,0.9056603773584906,0.7936507936507936,0.7213114754098361,0.0,0.6051556616047801,0.75,0.8403361344537815,0.7857142857142857,0.0,0.5940126050420168,0.8205128205128206,0.8163265306122449,0.7521367521367521,0,0.5972440258154544
11,4,gini,11,0.8,0.9056603773584906,0.7936507936507936,0.7213114754098361,0.0,0.6051556616047801,0.75,0.8403361344537815,0.7857142857142857,0.0,0.5940126050420168,0.8205128205128206,0.8163265306122449,0.7521367521367521,0,0.5972440258154544
12,4,gini,12,0.8,0.9056603773584906,0.7936507936507936,0.7213114754098361,0.0,0.6051556616047801,0.75,0.8403361344537815,0.7857142857142857,0.0,0.5940126050420168,0.8205128205128206,0.8163265306122449,0.7521367521367521,0,0.5972440258154544
13,4,gini,13,0.8,0.9056603773584906,0.7936507936507936,0.7213114754098361,0.0,0.6051556616047801,0.75,0.8403361344537815,0.7857142857142857,0.0,0.5940126050420168,0.8205128205128206,0.8163265306122449,0.7521367521367521,0,0.5972440258154544
14,4,gini,14,0.8,0.9056603773584906,0.7936507936507936,0.7213114754098361,0.0,0.6051556616047801,0.75,0.8403361344537815,0.7857142857142857,0.0,0.5940126050420168,0.8205128205128206,0.8163265306122449,0.7521367521367521,0,0.5972440258154544
15,4,gini,15,0.7791666666666667,0.9130434782608695,0.7593984962406015,0.7213114754098361,0.0,0.5984383624778268,0.65625,0.8487394957983193,0.7857142857142857,0.0,0.5726759453781513,0.7636363636363634,0.8015873015873015,0.7521367521367521,0,0.5793401043401043
16,4,gini,16,0.7791666666666667,0.9130434782608695,0.7593984962406015,0.7213114754098361,0.0,0.5984383624778268,0.65625,0.8487394957983193,0.7857142857142857,0.0,0.5726759453781513,0.7636363636363634,0.8015873015873015,0.7521367521367521,0,0.5793401043401043
17,4,gini,17,0.7791666666666667,0.9130434782608695,0.7593984962406015,0.7213114754098361,0.0,0.5984383624778268,0.65625,0.8487394957983193,0.7857142857142857,0.0,0.5726759453781513,0.7636363636363634,0.8015873015873015,0.7521367521367521,0,0.5793401043401043
18,4,gini,18,0.7791666666666667,0.9130434782608695,0.7593984962406015,0.7213114754098361,0.0,0.5984383624778268,0.65625,0.8487394957983193,0.7857142857142857,0.0,0.5726759453781513,0.7636363636363634,0.8015873015873015,0.7521367521367521,0,0.5793401043401043
19,4,gini,19,0.7791666666666667,0.9130434782608695,0.7593984962406015,0.7213114754098361,0.0,0.5984383624778268,0.65625,0.8487394957983193,0.7857142857142857,0.0,0.5726759453781513,0.7636363636363634,0.8015873015873015,0.7521367521367521,0,0.5793401043401043
20,4,entropy,1,0.7625,0.8823529411764706,0.7318840579710145,0.7254901960784313,0.0,0.5849317988064792,0.703125,0.8487394957983193,0.6607142857142857,0.0,0.5531446953781513,0.7826086956521738,0.7859922178988327,0.6915887850467289,0,0.5650474246494338
21,4,entropy,2,0.7625,0.8823529411764706,0.7318840579710145,0.7254901960784313,0.0,0.5849317988064792,0.703125,0.8487394957983193,0.6607142857142857,0.0,0.5531446953781513,0.7826086956521738,0.7859922178988327,0.6915887850467289,0,0.5650474246494338
22,4,entropy,3,0.7625,0.8823529411764706,0.7318840579710145,0.7254901960784313,0.0,0.5849317988064792,0.703125,0.8487394957983193,0.6607142857142857,0.0,0.5531446953781513,0.7826086956521738,0.7859922178988327,0.6915887850467289,0,0.5650474246494338
23,4,entropy,4,0.7625,0.8823529411764706,0.7318840579710145,0.7254901960784313,0.0,0.5849317988064792,0.703125,0.8487394957983193,0.6607142857142857,0.0,0.5531446953781513,0.7826086956521738,0.7859922178988327,0.6915887850467289,0,0.5650474246494338
24,4,entropy,5,0.7625,0.8823529411764706,0.7318840579710145,0.7254901960784313,0.0,0.5849317988064792,0.703125,0.8487394957983193,0.6607142857142857,0.0,0.5531446953781513,0.7826086956521738,0.7859922178988327,0.6915887850467289,0,0.5650474246494338
25,4,entropy,6,0.7625,0.8823529411764706,0.7318840579710145,0.7254901960784313,0.0,0.5849317988064792,0.703125,0.8487394957983193,0.6607142857142857,0.0,0.5531446953781513,0.7826086956521738,0.7859922178988327,0.6915887850467289,0,0.5650474246494338
26,4,entropy,7,0.7625,0.8823529411764706,0.7318840579710145,0.7254901960784313,0.0,0.5849317988064792,0.703125,0.8487394957983193,0.6607142857142857,0.0,0.5531446953781513,0.7826086956521738,0.7859922178988327,0.6915887850467289,0,0.5650474246494338
27,4,entropy,8,0.7625,0.8823529411764706,0.7318840579710145,0.7254901960784313,0.0,0.5849317988064792,0.703125,0.8487394957983193,0.6607142857142857,0.0,0.5531446953781513,0.7826086956521738,0.7859922178988327,0.6915887850467289,0,0.5650474246494338
28,4,entropy,9,0.7708333333333334,0.8253968253968254,0.7619047619047619,0.7254901960784313,0.0,0.5781979458450046,0.8125,0.8067226890756303,0.6607142857142857,0.0,0.569984243697479,0.8188976377952756,0.7836734693877551,0.6915887850467289,0,0.5735399730574399
29,4,entropy,10,0.7708333333333334,0.8253968253968254,0.7619047619047619,0.7254901960784313,0.0,0.5781979458450046,0.8125,0.8067226890756303,0.6607142857142857,0.0,0.569984243697479,0.8188976377952756,0.7836734693877551,0.6915887850467289,0,0.5735399730574399
30,4,entropy,11,0.7708333333333334,0.8253968253968254,0.7619047619047619,0.7254901960784313,0.0,0.5781979458450046,0.8125,0.8067226890756303,0.6607142857142857,0.0,0.569984243697479,0.8188976377952756,0.7836734693877551,0.6915887850467289,0,0.5735399730574399
31,4,entropy,12,0.7541666666666667,0.8253968253968254,0.7293233082706767,0.7272727272727273,0.0,0.5704982152350573,0.8125,0.8151260504201681,0.5714285714285714,0.0,0.5497636554621849,0.8188976377952756,0.7698412698412698,0.64,0,0.5571847269091363
32,4,entropy,13,0.7291666666666666,0.8723404255319149,0.6845637583892618,0.7272727272727273,0.0,0.571044227798476,0.640625,0.8571428571428571,0.5714285714285714,0.0,0.5172991071428572,0.7387387387387387,0.7611940298507462,0.64,0,0.5349831921473712
33,4,entropy,14,0.7291666666666666,0.8723404255319149,0.6845637583892618,0.7272727272727273,0.0,0.571044227798476,0.640625,0.8571428571428571,0.5714285714285714,0.0,0.5172991071428572,0.7387387387387387,0.7611940298507462,0.64,0,0.5349831921473712
34,4,entropy,15,0.7291666666666666,0.8723404255319149,0.6845637583892618,0.7272727272727273,0.0,0.571044227798476,0.640625,0.8571428571428571,0.5714285714285714,0.0,0.5172991071428572,0.7387387387387387,0.7611940298507462,0.64,0,0.5349831921473712
35,4,entropy,16,0.7291666666666666,0.8723404255319149,0.6845637583892618,0.7272727272727273,0.0,0.571044227798476,0.640625,0.8571428571428571,0.5714285714285714,0.0,0.5172991071428572,0.7387387387387387,0.7611940298507462,0.64,0,0.5349831921473712
36,4,entropy,17,0.7291666666666666,0.8723404255319149,0.6845637583892618,0.7272727272727273,0.0,0.571044227798476,0.640625,0.8571428571428571,0.5714285714285714,0.0,0.5172991071428572,0.7387387387387387,0.7611940298507462,0.64,0,0.5349831921473712
37,4,entropy,18,0.7291666666666666,0.8723404255319149,0.6845637583892618,0.7272727272727273,0.0,0.571044227798476,0.640625,0.8571428571428571,0.5714285714285714,0.0,0.5172991071428572,0.7387387387387387,0.7611940298507462,0.64,0,0.5349831921473712
38,4,entropy,19,0.7291666666666666,0.8723404255319149,0.6845637583892618,0.7272727272727273,0.0,0.571044227798476,0.640625,0.8571428571428571,0.5714285714285714,0.0,0.5172991071428572,0.7387387387387387,0.7611940298507462,0.64,0,0.5349831921473712
39,4,log_loss,1,0.7625,0.8823529411764706,0.7318840579710145,0.7254901960784313,0.0,0.5849317988064792,0.703125,0.8487394957983193,0.6607142857142857,0.0,0.5531446953781513,0.7826086956521738,0.7859922178988327,0.6915887850467289,0,0.5650474246494338
40,4,log_loss,2,0.7625,0.8823529411764706,0.7318840579710145,0.7254901960784313,0.0,0.5849317988064792,0.703125,0.8487394957983193,0.6607142857142857,0.0,0.5531446953781513,0.7826086956521738,0.7859922178988327,0.6915887850467289,0,0.5650474246494338
41,4,log_loss,3,0.7625,0.8823529411764706,0.7318840579710145,0.7254901960784313,0.0,0.5849317988064792,0.703125,0.8487394957983193,0.6607142857142857,0.0,0.5531446953781513,0.7826086956521738,0.7859922178988327,0.6915887850467289,0,0.5650474246494338
42,4,log_loss,4,0.7625,0.8823529411764706,0.7318840579710145,0.7254901960784313,0.0,0.5849317988064792,0.703125,0.8487394957983193,0.6607142857142857,0.0,0.5531446953781513,0.7826086956521738,0.7859922178988327,0.6915887850467289,0,0.5650474246494338
43,4,log_loss,5,0.7625,0.8823529411764706,0.7318840579710145,0.7254901960784313,0.0,0.5849317988064792,0.703125,0.8487394957983193,0.6607142857142857,0.0,0.5531446953781513,0.7826086956521738,0.7859922178988327,0.6915887850467289,0,0.5650474246494338
44,4,log_loss,6,0.7625,0.8823529411764706,0.7318840579710145,0.7254901960784313,0.0,0.5849317988064792,0.703125,0.8487394957983193,0.6607142857142857,0.0,0.5531446953781513,0.7826086956521738,0.7859922178988327,0.6915887850467289,0,0.5650474246494338
45,4,log_loss,7,0.7625,0.8823529411764706,0.7318840579710145,0.7254901960784313,0.0,0.5849317988064792,0.703125,0.8487394957983193,0.6607142857142857,0.0,0.5531446953781513,0.7826086956521738,0.7859922178988327,0.6915887850467289,0,0.5650474246494338
46,4,log_loss,8,0.7625,0.8823529411764706,0.7318840579710145,0.7254901960784313,0.0,0.5849317988064792,0.703125,0.8487394957983193,0.6607142857142857,0.0,0.5531446953781513,0.7826086956521738,0.7859922178988327,0.6915887850467289,0,0.5650474246494338
47,4,log_loss,9,0.7708333333333334,0.8253968253968254,0.7619047619047619,0.7254901960784313,0.0,0.5781979458450046,0.8125,0.8067226890756303,0.6607142857142857,0.0,0.569984243697479,0.8188976377952756,0.7836734693877551,0.6915887850467289,0,0.5735399730574399
48,4,log_loss,10,0.7708333333333334,0.8253968253968254,0.7619047619047619,0.7254901960784313,0.0,0.5781979458450046,0.8125,0.8067226890756303,0.6607142857142857,0.0,0.569984243697479,0.8188976377952756,0.7836734693877551,0.6915887850467289,0,0.5735399730574399
49,4,log_loss,11,0.7708333333333334,0.8253968253968254,0.7619047619047619,0.7254901960784313,0.0,0.5781979458450046,0.8125,0.8067226890756303,0.6607142857142857,0.0,0.569984243697479,0.8188976377952756,0.7836734693877551,0.6915887850467289,0,0.5735399730574399
50,4,log_loss,12,0.7541666666666667,0.8253968253968254,0.7293233082706767,0.7272727272727273,0.0,0.5704982152350573,0.8125,0.8151260504201681,0.5714285714285714,0.0,0.5497636554621849,0.8188976377952756,0.7698412698412698,0.64,0,0.5571847269091363
51,4,log_loss,13,0.7291666666666666,0.8723404255319149,0.6845637583892618,0.7272727272727273,0.0,0.571044227798476,0.640625,0.8571428571428571,0.5714285714285714,0.0,0.5172991071428572,0.7387387387387387,0.7611940298507462,0.64,0,0.5349831921473712
52,4,log_loss,14,0.7291666666666666,0.8723404255319149,0.6845637583892618,0.7272727272727273,0.0,0.571044227798476,0.640625,0.8571428571428571,0.5714285714285714,0.0,0.5172991071428572,0.7387387387387387,0.7611940298507462,0.64,0,0.5349831921473712
53,4,log_loss,15,0.7291666666666666,0.8723404255319149,0.6845637583892618,0.7272727272727273,0.0,0.571044227798476,0.640625,0.8571428571428571,0.5714285714285714,0.0,0.5172991071428572,0.7387387387387387,0.7611940298507462,0.64,0,0.5349831921473712
54,4,log_loss,16,0.7291666666666666,0.8723404255319149,0.6845637583892618,0.7272727272727273,0.0,0.571044227798476,0.640625,0.8571428571428571,0.5714285714285714,0.0,0.5172991071428572,0.7387387387387387,0.7611940298507462,0.64,0,0.5349831921473712
55,4,log_loss,17,0.7291666666666666,0.8723404255319149,0.6845637583892618,0.7272727272727273,0.0,0.571044227798476,0.640625,0.8571428571428571,0.5714285714285714,0.0,0.5172991071428572,0.7387387387387387,0.7611940298507462,0.64,0,0.5349831921473712
56,4,log_loss,18,0.7291666666666666,0.8723404255319149,0.6845637583892618,0.7272727272727273,0.0,0.571044227798476,0.640625,0.8571428571428571,0.5714285714285714,0.0,0.5172991071428572,0.7387387387387387,0.7611940298507462,0.64,0,0.5349831921473712
57,4,log_loss,19,0.7291666666666666,0.8723404255319149,0.6845637583892618,0.7272727272727273,0.0,0.571044227798476,0.640625,0.8571428571428571,0.5714285714285714,0.0,0.5172991071428572,0.7387387387387387,0.7611940298507462,0.64,0,0.5349831921473712
58,5,gini,1,0.8,0.9375,0.7761194029850746,0.7413793103448276,0.0,0.6137496783324756,0.703125,0.8739495798319328,0.7678571428571429,0.0,0.5862329306722689,0.8035714285714286,0.8221343873517787,0.7543859649122806,0,0.595022945208872
59,5,gini,2,0.8041666666666667,0.9215686274509803,0.7862595419847328,0.7413793103448276,0.0,0.6123018699451352,0.734375,0.865546218487395,0.7678571428571429,0.0,0.5919445903361344,0.8173913043478261,0.824,0.7543859649122806,0,0.5989443173150266
60,5,gini,3,0.7666666666666667,0.9130434782608695,0.75,0.6935483870967742,0.0,0.589147966339411,0.65625,0.8319327731092437,0.7678571428571429,0.0,0.5640099789915967,0.7636363636363634,0.7888446215139442,0.7288135593220338,0,0.5703236361180853
61,5,gini,4,0.7875,0.9148936170212766,0.762962962962963,0.7413793103448276,0.0,0.6048089725822667,0.671875,0.865546218487395,0.7678571428571429,0.0,0.5763195903361344,0.7747747747747749,0.8110236220472441,0.7543859649122806,0,0.5850460904335748
62,5,gini,5,0.7916666666666666,0.9166666666666666,0.7686567164179104,0.7413793103448276,0.0,0.6066756733573512,0.6875,0.865546218487395,0.7678571428571429,0.0,0.5802258403361344,0.7857142857142857,0.8142292490118578,0.7543859649122806,0,0.588582374909606
63,5,gini,6,0.8083333333333333,0.9074074074074074,0.796875,0.7413793103448276,0.0,0.6114154294380587,0.765625,0.8571428571428571,0.7678571428571429,0.0,0.59765625,0.8305084745762712,0.8259109311740891,0.7543859649122806,0,0.6027013426656602
64,5,gini,7,0.8,0.92,0.7803030303030303,0.7413793103448276,0.0,0.6104205851619644,0.71875,0.865546218487395,0.7678571428571429,0.0,0.5880383403361344,0.8070175438596492,0.8207171314741035,0.7543859649122806,0,0.5955301600615084
65,5,gini,8,0.8041666666666667,0.9056603773584906,0.7906976744186046,0.7413793103448276,0.0,0.6094343405304807,0.75,0.8571428571428571,0.7678571428571429,0.0,0.59375,0.8205128205128206,0.8225806451612903,0.7543859649122806,0,0.5993698576465978
66,5,gini,9,0.8041666666666667,0.9056603773584906,0.7906976744186046,0.7413793103448276,0.0,0.6094343405304807,0.75,0.8571428571428571,0.7678571428571429,0.0,0.59375,0.8205128205128206,0.8225806451612903,0.7543859649122806,0,0.5993698576465978
67,5,gini,10,0.8041666666666667,0.9056603773584906,0.7906976744186046,0.7413793103448276,0.0,0.6094343405304807,0.75,0.8571428571428571,0.7678571428571429,0.0,0.59375,0.8205128205128206,0.8225806451612903,0.7543859649122806,0,0.5993698576465978
68,5,gini,11,0.8041666666666667,0.9056603773584906,0.7906976744186046,0.7413793103448276,0.0,0.6094343405304807,0.75,0.8571428571428571,0.7678571428571429,0.0,0.59375,0.8205128205128206,0.8225806451612903,0.7543859649122806,0,0.5993698576465978
69,5,gini,12,0.8041666666666667,0.9056603773584906,0.7906976744186046,0.7413793103448276,0.0,0.6094343405304807,0.75,0.8571428571428571,0.7678571428571429,0.0,0.59375,0.8205128205128206,0.8225806451612903,0.7543859649122806,0,0.5993698576465978
70,5,gini,13,0.8041666666666667,0.9056603773584906,0.7906976744186046,0.7413793103448276,0.0,0.6094343405304807,0.75,0.8571428571428571,0.7678571428571429,0.0,0.59375,0.8205128205128206,0.8225806451612903,0.7543859649122806,0,0.5993698576465978
71,5,gini,14,0.8041666666666667,0.9056603773584906,0.7906976744186046,0.7413793103448276,0.0,0.6094343405304807,0.75,0.8571428571428571,0.7678571428571429,0.0,0.59375,0.8205128205128206,0.8225806451612903,0.7543859649122806,0,0.5993698576465978
72,5,gini,15,0.7833333333333333,0.9130434782608695,0.7573529411764706,0.7413793103448276,0.0,0.6029439324455419,0.65625,0.865546218487395,0.7678571428571429,0.0,0.5724133403361344,0.7636363636363634,0.807843137254902,0.7543859649122806,0,0.5814663664508866
73,5,gini,16,0.7833333333333333,0.9130434782608695,0.7573529411764706,0.7413793103448276,0.0,0.6029439324455419,0.65625,0.865546218487395,0.7678571428571429,0.0,0.5724133403361344,0.7636363636363634,0.807843137254902,0.7543859649122806,0,0.5814663664508866
74,5,gini,17,0.7875,0.9130434782608695,0.7379310344827587,0.8163265306122449,0.0,0.6168252608389683,0.65625,0.8991596638655462,0.7142857142857143,0.0,0.5674238445378151,0.7636363636363634,0.8106060606060606,0.7619047619047619,0,0.5840367965367965
75,5,gini,18,0.7875,0.9130434782608695,0.7379310344827587,0.8163265306122449,0.0,0.6168252608389683,0.65625,0.8991596638655462,0.7142857142857143,0.0,0.5674238445378151,0.7636363636363634,0.8106060606060606,0.7619047619047619,0,0.5840367965367965
76,5,gini,19,0.7875,0.9130434782608695,0.7379310344827587,0.8163265306122449,0.0,0.6168252608389683,0.65625,0.8991596638655462,0.7142857142857143,0.0,0.5674238445378151,0.7636363636363634,0.8106060606060606,0.7619047619047619,0,0.5840367965367965
77,5,entropy,1,0.8833333333333333,1.0,0.872,0.8032786885245902,0.0,0.6688196721311475,0.84375,0.9159663865546218,0.875,0.0,0.6586790966386554,0.9152542372881356,0.8934426229508197,0.8376068376068376,0,0.6615759244614482
78,5,entropy,2,0.8875,1.0,0.872,0.8166666666666667,0.0,0.6721666666666666,0.859375,0.9159663865546218,0.875,0.0,0.6625853466386554,0.9243697478991597,0.8934426229508197,0.8448275862068966,0,0.665659989264219
79,5,entropy,3,0.8833333333333333,1.0,0.8650793650793651,0.8166666666666667,0.0,0.670436507936508,0.84375,0.9159663865546218,0.875,0.0,0.6586790966386554,0.9152542372881356,0.889795918367347,0.8448275862068966,0,0.6624694354655948
80,5,entropy,4,0.8875,1.0,0.872,0.8166666666666667,0.0,0.6721666666666666,0.859375,0.9159663865546218,0.875,0.0,0.6625853466386554,0.9243697478991597,0.8934426229508197,0.8448275862068966,0,0.665659989264219
81,5,entropy,5,0.8875,0.9824561403508771,0.8780487804878049,0.8166666666666667,0.0,0.6692928968763372,0.875,0.907563025210084,0.875,0.0,0.664390756302521,0.9256198347107438,0.8925619834710744,0.8448275862068966,0,0.6657523510971788
82,5,entropy,6,0.8958333333333334,1.0,0.8861788617886179,0.819672131147541,0.0,0.6764627482340397,0.875,0.9159663865546218,0.8928571428571429,0.0,0.6709558823529411,0.9333333333333333,0.9008264462809917,0.8547008547008548,0,0.672215158578795
83,5,entropy,7,0.8916666666666667,1.0,0.8925619834710744,0.7936507936507936,0.0,0.671553194280467,0.875,0.907563025210084,0.8928571428571429,0.0,0.6688550420168067,0.9333333333333333,0.8999999999999999,0.8403361344537815,0,0.6684173669467787
84,5,entropy,8,0.8708333333333333,0.9824561403508771,0.8629032258064516,0.7796610169491526,0.0,0.6562550957766203,0.875,0.8991596638655462,0.8214285714285714,0.0,0.6488970588235294,0.9256198347107438,0.8806584362139918,0.8,0,0.6515695677311839
85,5,entropy,9,0.8541666666666666,0.9180327868852459,0.8583333333333333,0.7796610169491526,0.0,0.6390067842919329,0.875,0.865546218487395,0.8214285714285714,0.0,0.6404936974789917,0.8959999999999999,0.8619246861924686,0.8,0,0.6394811715481172
86,5,entropy,10,0.8541666666666666,0.9180327868852459,0.8583333333333333,0.7796610169491526,0.0,0.6390067842919329,0.875,0.865546218487395,0.8214285714285714,0.0,0.6404936974789917,0.8959999999999999,0.8619246861924686,0.8,0,0.6394811715481172
87,5,entropy,11,0.8541666666666666,0.9180327868852459,0.8583333333333333,0.7796610169491526,0.0,0.6390067842919329,0.875,0.865546218487395,0.8214285714285714,0.0,0.6404936974789917,0.8959999999999999,0.8619246861924686,0.8,0,0.6394811715481172
88,5,entropy,12,0.8375,0.9180327868852459,0.8188976377952756,0.7884615384615384,0.0,0.631347990785515,0.875,0.8739495798319328,0.7321428571428571,0.0,0.6202731092436975,0.8959999999999999,0.8455284552845529,0.7592592592592592,0,0.625196928635953
89,5,entropy,13,0.8125,1.0,0.7622377622377622,0.7884615384615384,0.0,0.6376748251748251,0.703125,0.9159663865546218,0.7321428571428571,0.0,0.5878085609243697,0.8256880733944955,0.83206106870229,0.7592592592592592,0,0.6042521003390111
90,5,entropy,14,0.8125,1.0,0.7622377622377622,0.7884615384615384,0.0,0.6376748251748251,0.703125,0.9159663865546218,0.7321428571428571,0.0,0.5878085609243697,0.8256880733944955,0.83206106870229,0.7592592592592592,0,0.6042521003390111
91,5,entropy,15,0.8041666666666667,0.9782608695652174,0.7552447552447552,0.7843137254901961,0.0,0.6294548375750422,0.703125,0.907563025210084,0.7142857142857143,0.0,0.5812434348739496,0.8181818181818182,0.8244274809160305,0.7476635514018691,0,0.5975682126249294
92,5,entropy,16,0.7916666666666666,0.8867924528301887,0.7573529411764706,0.7843137254901961,0.0,0.6071147798742138,0.734375,0.865546218487395,0.7142857142857143,0.0,0.5785517331932774,0.8034188034188035,0.807843137254902,0.7476635514018691,0,0.5897313730188937
93,5,entropy,17,0.7916666666666666,0.8867924528301887,0.7573529411764706,0.7843137254901961,0.0,0.6071147798742138,0.734375,0.865546218487395,0.7142857142857143,0.0,0.5785517331932774,0.8034188034188035,0.807843137254902,0.7476635514018691,0,0.5897313730188937
94,5,entropy,18,0.7916666666666666,0.8867924528301887,0.7573529411764706,0.7843137254901961,0.0,0.6071147798742138,0.734375,0.865546218487395,0.7142857142857143,0.0,0.5785517331932774,0.8034188034188035,0.807843137254902,0.7476635514018691,0,0.5897313730188937
95,5,entropy,19,0.7791666666666667,0.8867924528301887,0.7410071942446043,0.7708333333333334,0.0,0.5996582451020316,0.734375,0.865546218487395,0.6607142857142857,0.0,0.5651588760504201,0.8034188034188035,0.7984496124031009,0.7115384615384616,0,0.5783517193400914
96,5,log_loss,1,0.8833333333333333,1.0,0.872,0.8032786885245902,0.0,0.6688196721311475,0.84375,0.9159663865546218,0.875,0.0,0.6586790966386554,0.9152542372881356,0.8934426229508197,0.8376068376068376,0,0.6615759244614482
97,5,log_loss,2,0.8875,1.0,0.872,0.8166666666666667,0.0,0.6721666666666666,0.859375,0.9159663865546218,0.875,0.0,0.6625853466386554,0.9243697478991597,0.8934426229508197,0.8448275862068966,0,0.665659989264219
98,5,log_loss,3,0.8833333333333333,1.0,0.8650793650793651,0.8166666666666667,0.0,0.670436507936508,0.84375,0.9159663865546218,0.875,0.0,0.6586790966386554,0.9152542372881356,0.889795918367347,0.8448275862068966,0,0.6624694354655948
99,5,log_loss,4,0.8875,1.0,0.872,0.8166666666666667,0.0,0.6721666666666666,0.859375,0.9159663865546218,0.875,0.0,0.6625853466386554,0.9243697478991597,0.8934426229508197,0.8448275862068966,0,0.665659989264219
100,5,log_loss,5,0.8875,0.9824561403508771,0.8780487804878049,0.8166666666666667,0.0,0.6692928968763372,0.875,0.907563025210084,0.875,0.0,0.664390756302521,0.9256198347107438,0.8925619834710744,0.8448275862068966,0,0.6657523510971788
101,5,log_loss,6,0.8958333333333334,1.0,0.8861788617886179,0.819672131147541,0.0,0.6764627482340397,0.875,0.9159663865546218,0.8928571428571429,0.0,0.6709558823529411,0.9333333333333333,0.9008264462809917,0.8547008547008548,0,0.672215158578795
102,5,log_loss,7,0.8916666666666667,1.0,0.8925619834710744,0.7936507936507936,0.0,0.671553194280467,0.875,0.907563025210084,0.8928571428571429,0.0,0.6688550420168067,0.9333333333333333,0.8999999999999999,0.8403361344537815,0,0.6684173669467787
103,5,log_loss,8,0.8708333333333333,0.9824561403508771,0.8629032258064516,0.7796610169491526,0.0,0.6562550957766203,0.875,0.8991596638655462,0.8214285714285714,0.0,0.6488970588235294,0.9256198347107438,0.8806584362139918,0.8,0,0.6515695677311839
104,5,log_loss,9,0.8541666666666666,0.9180327868852459,0.8583333333333333,0.7796610169491526,0.0,0.6390067842919329,0.875,0.865546218487395,0.8214285714285714,0.0,0.6404936974789917,0.8959999999999999,0.8619246861924686,0.8,0,0.6394811715481172
105,5,log_loss,10,0.8541666666666666,0.9180327868852459,0.8583333333333333,0.7796610169491526,0.0,0.6390067842919329,0.875,0.865546218487395,0.8214285714285714,0.0,0.6404936974789917,0.8959999999999999,0.8619246861924686,0.8,0,0.6394811715481172
106,5,log_loss,11,0.8541666666666666,0.9180327868852459,0.8583333333333333,0.7796610169491526,0.0,0.6390067842919329,0.875,0.865546218487395,0.8214285714285714,0.0,0.6404936974789917,0.8959999999999999,0.8619246861924686,0.8,0,0.6394811715481172
107,5,log_loss,12,0.8375,0.9180327868852459,0.8188976377952756,0.7884615384615384,0.0,0.631347990785515,0.875,0.8739495798319328,0.7321428571428571,0.0,0.6202731092436975,0.8959999999999999,0.8455284552845529,0.7592592592592592,0,0.625196928635953
108,5,log_loss,13,0.8125,1.0,0.7622377622377622,0.7884615384615384,0.0,0.6376748251748251,0.703125,0.9159663865546218,0.7321428571428571,0.0,0.5878085609243697,0.8256880733944955,0.83206106870229,0.7592592592592592,0,0.6042521003390111
109,5,log_loss,14,0.8125,1.0,0.7622377622377622,0.7884615384615384,0.0,0.6376748251748251,0.703125,0.9159663865546218,0.7321428571428571,0.0,0.5878085609243697,0.8256880733944955,0.83206106870229,0.7592592592592592,0,0.6042521003390111
110,5,log_loss,15,0.8041666666666667,0.9782608695652174,0.7552447552447552,0.7843137254901961,0.0,0.6294548375750422,0.703125,0.907563025210084,0.7142857142857143,0.0,0.5812434348739496,0.8181818181818182,0.8244274809160305,0.7476635514018691,0,0.5975682126249294
111,5,log_loss,16,0.7916666666666666,0.8867924528301887,0.7573529411764706,0.7843137254901961,0.0,0.6071147798742138,0.734375,0.865546218487395,0.7142857142857143,0.0,0.5785517331932774,0.8034188034188035,0.807843137254902,0.7476635514018691,0,0.5897313730188937
112,5,log_loss,17,0.7916666666666666,0.8867924528301887,0.7573529411764706,0.7843137254901961,0.0,0.6071147798742138,0.734375,0.865546218487395,0.7142857142857143,0.0,0.5785517331932774,0.8034188034188035,0.807843137254902,0.7476635514018691,0,0.5897313730188937
113,5,log_loss,18,0.7916666666666666,0.8867924528301887,0.7573529411764706,0.7843137254901961,0.0,0.6071147798742138,0.734375,0.865546218487395,0.7142857142857143,0.0,0.5785517331932774,0.8034188034188035,0.807843137254902,0.7476635514018691,0,0.5897313730188937
114,5,log_loss,19,0.7791666666666667,0.8867924528301887,0.7410071942446043,0.7708333333333334,0.0,0.5996582451020316,0.734375,0.865546218487395,0.6607142857142857,0.0,0.5651588760504201,0.8034188034188035,0.7984496124031009,0.7115384615384616,0,0.5783517193400914
115,6,gini,1,0.8583333333333333,0.9272727272727272,0.8115942028985508,0.9148936170212766,0.0,0.6634401367981386,0.796875,0.9411764705882353,0.7678571428571429,0.0,0.6264771533613446,0.8571428571428571,0.8715953307392997,0.8349514563106796,0,0.6409224110482091
116,6,gini,2,0.8583333333333333,0.8983050847457628,0.8161764705882353,0.9333333333333333,0.0,0.6619537221668328,0.828125,0.9327731092436975,0.75,0.0,0.6277245273109244,0.8617886178861789,0.8705882352941177,0.8316831683168316,0,0.641015005374282
117,6,gini,3,0.8208333333333333,0.9038461538461539,0.7769784172661871,0.8571428571428571,0.0,0.6344918570637995,0.734375,0.907563025210084,0.75,0.0,0.597984506302521,0.810344827586207,0.8372093023255814,0.7999999999999999,0,0.6118885324779471
118,6,gini,4,0.8333333333333334,0.9019607843137255,0.7777777777777778,0.9333333333333333,0.0,0.6532679738562092,0.71875,0.9411764705882353,0.75,0.0,0.6024816176470589,0.8,0.8517110266159694,0.8316831683168316,0,0.6208485487332003
119,6,gini,5,0.8375,0.9038461538461539,0.7832167832167832,0.9333333333333333,0.0,0.6550990675990676,0.734375,0.9411764705882353,0.75,0.0,0.6063878676470589,0.810344827586207,0.8549618320610688,0.8316831683168316,0,0.6242474569910268
120,6,gini,6,0.8583333333333333,0.8983050847457628,0.8161764705882353,0.9333333333333333,0.0,0.6619537221668328,0.828125,0.9327731092436975,0.75,0.0,0.6277245273109244,0.8617886178861789,0.8705882352941177,0.8316831683168316,0,0.641015005374282
121,6,gini,7,0.825,0.92,0.7785714285714286,0.86,0.0,0.6396428571428572,0.71875,0.9159663865546218,0.7678571428571429,0.0,0.6006433823529411,0.8070175438596492,0.8416988416988417,0.8113207547169812,0,0.615009285068868
122,6,gini,8,0.8125,0.9056603773584906,0.7659574468085106,0.8478260869565217,0.0,0.6298609777808808,0.75,0.907563025210084,0.6964285714285714,0.0,0.5884978991596639,0.8205128205128206,0.8307692307692306,0.7647058823529412,0,0.6039969834087481
123,6,gini,9,0.8125,0.9056603773584906,0.7659574468085106,0.8478260869565217,0.0,0.6298609777808808,0.75,0.907563025210084,0.6964285714285714,0.0,0.5884978991596639,0.8205128205128206,0.8307692307692306,0.7647058823529412,0,0.6039969834087481
124,6,gini,10,0.8125,0.9056603773584906,0.7659574468085106,0.8478260869565217,0.0,0.6298609777808808,0.75,0.907563025210084,0.6964285714285714,0.0,0.5884978991596639,0.8205128205128206,0.8307692307692306,0.7647058823529412,0,0.6039969834087481
125,6,gini,11,0.8125,0.9056603773584906,0.7659574468085106,0.8478260869565217,0.0,0.6298609777808808,0.75,0.907563025210084,0.6964285714285714,0.0,0.5884978991596639,0.8205128205128206,0.8307692307692306,0.7647058823529412,0,0.6039969834087481
126,6,gini,12,0.8125,0.9056603773584906,0.7659574468085106,0.8478260869565217,0.0,0.6298609777808808,0.75,0.907563025210084,0.6964285714285714,0.0,0.5884978991596639,0.8205128205128206,0.8307692307692306,0.7647058823529412,0,0.6039969834087481
127,6,gini,13,0.8125,0.9056603773584906,0.7659574468085106,0.8478260869565217,0.0,0.6298609777808808,0.75,0.907563025210084,0.6964285714285714,0.0,0.5884978991596639,0.8205128205128206,0.8307692307692306,0.7647058823529412,0,0.6039969834087481
128,6,gini,14,0.8125,0.9056603773584906,0.7659574468085106,0.8478260869565217,0.0,0.6298609777808808,0.75,0.907563025210084,0.6964285714285714,0.0,0.5884978991596639,0.8205128205128206,0.8307692307692306,0.7647058823529412,0,0.6039969834087481
129,6,gini,15,0.7916666666666666,0.9130434782608695,0.7364864864864865,0.8478260869565217,0.0,0.6243390129259694,0.65625,0.9159663865546218,0.6964285714285714,0.0,0.5671612394957983,0.7636363636363634,0.8164794007490637,0.7647058823529412,0,0.5862054116845921
130,6,gini,16,0.7916666666666666,0.9130434782608695,0.7364864864864865,0.8478260869565217,0.0,0.6243390129259694,0.65625,0.9159663865546218,0.6964285714285714,0.0,0.5671612394957983,0.7636363636363634,0.8164794007490637,0.7647058823529412,0,0.5862054116845921
131,6,gini,17,0.7875,0.9130434782608695,0.7315436241610739,0.8444444444444444,0.0,0.622257886716597,0.65625,0.9159663865546218,0.6785714285714286,0.0,0.5626969537815125,0.7636363636363634,0.8134328358208955,0.7524752475247526,0,0.5823861117455029
132,6,gini,18,0.7875,0.9130434782608695,0.7315436241610739,0.8444444444444444,0.0,0.622257886716597,0.65625,0.9159663865546218,0.6785714285714286,0.0,0.5626969537815125,0.7636363636363634,0.8134328358208955,0.7524752475247526,0,0.5823861117455029
133,6,gini,19,0.775,0.9130434782608695,0.7171052631578947,0.8333333333333334,0.0,0.6158705186880244,0.65625,0.9159663865546218,0.625,0.0,0.5493040966386554,0.7636363636363634,0.8044280442804428,0.7142857142857143,0,0.5705875305506302
134,6,entropy,1,0.9083333333333333,1.0,0.9024390243902439,0.8305084745762712,0.0,0.6832368747416288,0.90625,0.9327731092436975,0.875,0.0,0.6785057773109244,0.9508196721311475,0.9173553719008264,0.8521739130434782,0,0.680087239268863
135,6,entropy,2,0.9,0.9827586206896551,0.8870967741935484,0.8448275862068966,0.0,0.678670745272525,0.890625,0.9243697478991597,0.875,0.0,0.67249868697479,0.9344262295081966,0.9053497942386832,0.8596491228070176,0,0.6748562866384744
136,6,entropy,3,0.8916666666666667,0.9821428571428571,0.873015873015873,0.8448275862068966,0.0,0.6749965790914068,0.859375,0.9243697478991597,0.875,0.0,0.66468618697479,0.9166666666666665,0.8979591836734694,0.8596491228070176,0,0.6685687432867884
137,6,entropy,4,0.8916666666666667,0.9821428571428571,0.873015873015873,0.8448275862068966,0.0,0.6749965790914068,0.859375,0.9243697478991597,0.875,0.0,0.66468618697479,0.9166666666666665,0.8979591836734694,0.8596491228070176,0,0.6685687432867884
138,6,entropy,5,0.9041666666666667,0.9830508474576272,0.8943089430894309,0.8448275862068966,0.0,0.6805468441884887,0.90625,0.9243697478991597,0.875,0.0,0.67640493697479,0.943089430894309,0.9090909090909092,0.8596491228070176,0,0.6779573656980589
139,6,entropy,6,0.9041666666666667,0.9827586206896551,0.8943089430894309,0.847457627118644,0.0,0.6811312977244325,0.890625,0.9243697478991597,0.8928571428571429,0.0,0.6769629726890757,0.9344262295081966,0.9090909090909092,0.8695652173913044,0,0.6782705889976026
140,6,entropy,7,0.9,1.0,0.8943089430894309,0.819672131147541,0.0,0.6784952685592429,0.875,0.9243697478991597,0.8928571428571429,0.0,0.6730567226890757,0.9333333333333333,0.9090909090909092,0.8547008547008548,0,0.6742812742812743
141,6,entropy,8,0.8791666666666667,0.9824561403508771,0.8650793650793651,0.8070175438596491,0.0,0.6636382623224728,0.875,0.9159663865546218,0.8214285714285714,0.0,0.6530987394957983,0.9256198347107438,0.889795918367347,0.8141592920353982,0,0.6573937612783722
142,6,entropy,9,0.8625,0.9180327868852459,0.860655737704918,0.8070175438596491,0.0,0.6464265171124532,0.875,0.8823529411764706,0.8214285714285714,0.0,0.6446953781512605,0.8959999999999999,0.8713692946058091,0.8141592920353982,0,0.6453821466603018
143,6,entropy,10,0.8625,0.9180327868852459,0.860655737704918,0.8070175438596491,0.0,0.6464265171124532,0.875,0.8823529411764706,0.8214285714285714,0.0,0.6446953781512605,0.8959999999999999,0.8713692946058091,0.8141592920353982,0,0.6453821466603018
144,6,entropy,11,0.8625,0.9180327868852459,0.860655737704918,0.8070175438596491,0.0,0.6464265171124532,0.875,0.8823529411764706,0.8214285714285714,0.0,0.6446953781512605,0.8959999999999999,0.8713692946058091,0.8141592920353982,0,0.6453821466603018
145,6,entropy,12,0.8458333333333333,0.9180327868852459,0.8217054263565892,0.82,0.0,0.6399345533104588,0.875,0.8907563025210085,0.7321428571428571,0.0,0.6244747899159664,0.8959999999999999,0.8548387096774194,0.7735849056603773,0,0.6311059038344492
146,6,entropy,13,0.8208333333333333,1.0,0.7655172413793103,0.82,0.0,0.6463793103448275,0.703125,0.9327731092436975,0.7321428571428571,0.0,0.5920102415966386,0.8256880733944955,0.8409090909090909,0.7735849056603773,0,0.6100455174909909
147,6,entropy,14,0.8208333333333333,1.0,0.7655172413793103,0.82,0.0,0.6463793103448275,0.703125,0.9327731092436975,0.7321428571428571,0.0,0.5920102415966386,0.8256880733944955,0.8409090909090909,0.7735849056603773,0,0.6100455174909909
148,6,entropy,15,0.8125,0.9782608695652174,0.7586206896551724,0.8163265306122449,0.0,0.6383020224581587,0.703125,0.9243697478991597,0.7142857142857143,0.0,0.5854451155462185,0.8181818181818182,0.8333333333333333,0.7619047619047619,0,0.6033549783549783
149,6,entropy,16,0.7958333333333333,0.8867924528301887,0.7553956834532374,0.8125,0.0,0.6136720340708566,0.734375,0.8823529411764706,0.6964285714285714,0.0,0.5782891281512605,0.8034188034188035,0.813953488372093,0.75,0,0.5918430729477241
150,6,entropy,17,0.7875,0.8867924528301887,0.7446808510638298,0.8043478260869565,0.0,0.6089552824952438,0.734375,0.8823529411764706,0.6607142857142857,0.0,0.569360556722689,0.8034188034188035,0.8076923076923076,0.7254901960784315,0,0.5841503267973857
151,6,entropy,18,0.7875,0.8867924528301887,0.7446808510638298,0.8043478260869565,0.0,0.6089552824952438,0.734375,0.8823529411764706,0.6607142857142857,0.0,0.569360556722689,0.8034188034188035,0.8076923076923076,0.7254901960784315,0,0.5841503267973857
152,6,entropy,19,0.775,0.8867924528301887,0.7291666666666666,0.7906976744186046,0.0,0.601664198478865,0.734375,0.8823529411764706,0.6071428571428571,0.0,0.5559676995798319,0.8034188034188035,0.7984790874524715,0.6868686868686869,0,0.5721916444349905
153,6,log_loss,1,0.9083333333333333,1.0,0.9024390243902439,0.8305084745762712,0.0,0.6832368747416288,0.90625,0.9327731092436975,0.875,0.0,0.6785057773109244,0.9508196721311475,0.9173553719008264,0.8521739130434782,0,0.680087239268863
154,6,log_loss,2,0.9083333333333333,1.0,0.8951612903225806,0.8448275862068966,0.0,0.6849972191323692,0.90625,0.9327731092436975,0.875,0.0,0.6785057773109244,0.9508196721311475,0.9135802469135801,0.8596491228070176,0,0.6810122604629363
155,6,log_loss,3,0.9,1.0,0.8809523809523809,0.8448275862068966,0.0,0.6814449917898193,0.875,0.9327731092436975,0.875,0.0,0.6706932773109244,0.9333333333333333,0.9061224489795918,0.8596491228070176,0,0.6747762262799857
156,6,log_loss,4,0.9041666666666667,1.0,0.888,0.8448275862068966,0.0,0.6832068965517242,0.890625,0.9327731092436975,0.875,0.0,0.6745995273109244,0.9421487603305785,0.9098360655737705,0.8596491228070176,0,0.6779084871778416
157,6,log_loss,5,0.9041666666666667,0.9830508474576272,0.8943089430894309,0.8448275862068966,0.0,0.6805468441884887,0.90625,0.9243697478991597,0.875,0.0,0.67640493697479,0.943089430894309,0.9090909090909092,0.8596491228070176,0,0.6779573656980589
158,6,log_loss,6,0.9041666666666667,0.9827586206896551,0.8943089430894309,0.847457627118644,0.0,0.6811312977244325,0.890625,0.9243697478991597,0.8928571428571429,0.0,0.6769629726890757,0.9344262295081966,0.9090909090909092,0.8695652173913044,0,0.6782705889976026
159,6,log_loss,7,0.9,1.0,0.8943089430894309,0.819672131147541,0.0,0.6784952685592429,0.875,0.9243697478991597,0.8928571428571429,0.0,0.6730567226890757,0.9333333333333333,0.9090909090909092,0.8547008547008548,0,0.6742812742812743
160,6,log_loss,8,0.8791666666666667,0.9824561403508771,0.8650793650793651,0.8070175438596491,0.0,0.6636382623224728,0.875,0.9159663865546218,0.8214285714285714,0.0,0.6530987394957983,0.9256198347107438,0.889795918367347,0.8141592920353982,0,0.6573937612783722
161,6,log_loss,9,0.8625,0.9180327868852459,0.860655737704918,0.8070175438596491,0.0,0.6464265171124532,0.875,0.8823529411764706,0.8214285714285714,0.0,0.6446953781512605,0.8959999999999999,0.8713692946058091,0.8141592920353982,0,0.6453821466603018
162,6,log_loss,10,0.8625,0.9180327868852459,0.860655737704918,0.8070175438596491,0.0,0.6464265171124532,0.875,0.8823529411764706,0.8214285714285714,0.0,0.6446953781512605,0.8959999999999999,0.8713692946058091,0.8141592920353982,0,0.6453821466603018
163,6,log_loss,11,0.8625,0.9180327868852459,0.860655737704918,0.8070175438596491,0.0,0.6464265171124532,0.875,0.8823529411764706,0.8214285714285714,0.0,0.6446953781512605,0.8959999999999999,0.8713692946058091,0.8141592920353982,0,0.6453821466603018
164,6,log_loss,12,0.8458333333333333,0.9180327868852459,0.8217054263565892,0.82,0.0,0.6399345533104588,0.875,0.8907563025210085,0.7321428571428571,0.0,0.6244747899159664,0.8959999999999999,0.8548387096774194,0.7735849056603773,0,0.6311059038344492
165,6,log_loss,13,0.8208333333333333,1.0,0.7655172413793103,0.82,0.0,0.6463793103448275,0.703125,0.9327731092436975,0.7321428571428571,0.0,0.5920102415966386,0.8256880733944955,0.8409090909090909,0.7735849056603773,0,0.6100455174909909
166,6,log_loss,14,0.8208333333333333,1.0,0.7655172413793103,0.82,0.0,0.6463793103448275,0.703125,0.9327731092436975,0.7321428571428571,0.0,0.5920102415966386,0.8256880733944955,0.8409090909090909,0.7735849056603773,0,0.6100455174909909
167,6,log_loss,15,0.8125,0.9782608695652174,0.7586206896551724,0.8163265306122449,0.0,0.6383020224581587,0.703125,0.9243697478991597,0.7142857142857143,0.0,0.5854451155462185,0.8181818181818182,0.8333333333333333,0.7619047619047619,0,0.6033549783549783
168,6,log_loss,16,0.7958333333333333,0.8867924528301887,0.7553956834532374,0.8125,0.0,0.6136720340708566,0.734375,0.8823529411764706,0.6964285714285714,0.0,0.5782891281512605,0.8034188034188035,0.813953488372093,0.75,0,0.5918430729477241
169,6,log_loss,17,0.7875,0.8867924528301887,0.7446808510638298,0.8043478260869565,0.0,0.6089552824952438,0.734375,0.8823529411764706,0.6607142857142857,0.0,0.569360556722689,0.8034188034188035,0.8076923076923076,0.7254901960784315,0,0.5841503267973857
170,6,log_loss,18,0.7875,0.8867924528301887,0.7446808510638298,0.8043478260869565,0.0,0.6089552824952438,0.734375,0.8823529411764706,0.6607142857142857,0.0,0.569360556722689,0.8034188034188035,0.8076923076923076,0.7254901960784315,0,0.5841503267973857
171,6,log_loss,19,0.775,0.8867924528301887,0.7291666666666666,0.7906976744186046,0.0,0.601664198478865,0.734375,0.8823529411764706,0.6071428571428571,0.0,0.5559676995798319,0.8034188034188035,0.7984790874524715,0.6868686868686869,0,0.5721916444349905
172,7,gini,1,0.8708333333333333,0.9298245614035088,0.835820895522388,0.8979591836734694,0.0,0.6659011601498416,0.828125,0.9411764705882353,0.7857142857142857,0.0,0.6387539390756303,0.8760330578512396,0.8853754940711462,0.838095238095238,0,0.649875947504406
173,7,gini,2,0.8541666666666666,0.9107142857142857,0.8102189781021898,0.9148936170212766,0.0,0.658956720209438,0.796875,0.9327731092436975,0.7678571428571429,0.0,0.6243763130252101,0.85,0.8671875,0.8349514563106796,0,0.6380347390776699
174,7,gini,3,0.825,0.9215686274509803,0.782608695652174,0.8431372549019608,0.0,0.6368286445012787,0.734375,0.907563025210084,0.7678571428571429,0.0,0.6024487920168067,0.8173913043478261,0.840466926070039,0.8037383177570093,0,0.6153991370437186
175,7,gini,4,0.8375,0.8888888888888888,0.7913669064748201,0.9148936170212766,0.0,0.6487873530962464,0.75,0.9243697478991597,0.7678571428571429,0.0,0.6105567226890757,0.8135593220338982,0.8527131782945736,0.8349514563106796,0,0.6253059891597879
176,7,gini,5,0.8375,0.9038461538461539,0.7872340425531915,0.9148936170212766,0.0,0.6514934533551555,0.734375,0.9327731092436975,0.7678571428571429,0.0,0.6087513130252101,0.810344827586207,0.8538461538461538,0.8349514563106796,0,0.6247856094357601
177,7,gini,6,0.8583333333333333,0.8983050847457628,0.8161764705882353,0.9333333333333333,0.0,0.6619537221668328,0.828125,0.9327731092436975,0.75,0.0,0.6277245273109244,0.8617886178861789,0.8705882352941177,0.8316831683168316,0,0.641015005374282
178,7,gini,7,0.825,0.92,0.7785714285714286,0.86,0.0,0.6396428571428572,0.71875,0.9159663865546218,0.7678571428571429,0.0,0.6006433823529411,0.8070175438596492,0.8416988416988417,0.8113207547169812,0,0.615009285068868
179,7,gini,8,0.8125,0.9056603773584906,0.7659574468085106,0.8478260869565217,0.0,0.6298609777808808,0.75,0.907563025210084,0.6964285714285714,0.0,0.5884978991596639,0.8205128205128206,0.8307692307692306,0.7647058823529412,0,0.6039969834087481
180,7,gini,9,0.8125,0.9056603773584906,0.7659574468085106,0.8478260869565217,0.0,0.6298609777808808,0.75,0.907563025210084,0.6964285714285714,0.0,0.5884978991596639,0.8205128205128206,0.8307692307692306,0.7647058823529412,0,0.6039969834087481
181,7,gini,10,0.8125,0.9056603773584906,0.7659574468085106,0.8478260869565217,0.0,0.6298609777808808,0.75,0.907563025210084,0.6964285714285714,0.0,0.5884978991596639,0.8205128205128206,0.8307692307692306,0.7647058823529412,0,0.6039969834087481
182,7,gini,11,0.8125,0.9056603773584906,0.7659574468085106,0.8478260869565217,0.0,0.6298609777808808,0.75,0.907563025210084,0.6964285714285714,0.0,0.5884978991596639,0.8205128205128206,0.8307692307692306,0.7647058823529412,0,0.6039969834087481
183,7,gini,12,0.8125,0.9056603773584906,0.7659574468085106,0.8478260869565217,0.0,0.6298609777808808,0.75,0.907563025210084,0.6964285714285714,0.0,0.5884978991596639,0.8205128205128206,0.8307692307692306,0.7647058823529412,0,0.6039969834087481
184,7,gini,13,0.8125,0.9056603773584906,0.7659574468085106,0.8478260869565217,0.0,0.6298609777808808,0.75,0.907563025210084,0.6964285714285714,0.0,0.5884978991596639,0.8205128205128206,0.8307692307692306,0.7647058823529412,0,0.6039969834087481
185,7,gini,14,0.8125,0.9056603773584906,0.7659574468085106,0.8478260869565217,0.0,0.6298609777808808,0.75,0.907563025210084,0.6964285714285714,0.0,0.5884978991596639,0.8205128205128206,0.8307692307692306,0.7647058823529412,0,0.6039969834087481
186,7,gini,15,0.7916666666666666,0.9130434782608695,0.7364864864864865,0.8478260869565217,0.0,0.6243390129259694,0.65625,0.9159663865546218,0.6964285714285714,0.0,0.5671612394957983,0.7636363636363634,0.8164794007490637,0.7647058823529412,0,0.5862054116845921
187,7,gini,16,0.7916666666666666,0.9130434782608695,0.7364864864864865,0.8478260869565217,0.0,0.6243390129259694,0.65625,0.9159663865546218,0.6964285714285714,0.0,0.5671612394957983,0.7636363636363634,0.8164794007490637,0.7647058823529412,0,0.5862054116845921
188,7,gini,17,0.7875,0.9130434782608695,0.7315436241610739,0.8444444444444444,0.0,0.622257886716597,0.65625,0.9159663865546218,0.6785714285714286,0.0,0.5626969537815125,0.7636363636363634,0.8134328358208955,0.7524752475247526,0,0.5823861117455029
189,7,gini,18,0.7875,0.9130434782608695,0.7315436241610739,0.8444444444444444,0.0,0.622257886716597,0.65625,0.9159663865546218,0.6785714285714286,0.0,0.5626969537815125,0.7636363636363634,0.8134328358208955,0.7524752475247526,0,0.5823861117455029
190,7,gini,19,0.775,0.9130434782608695,0.7171052631578947,0.8333333333333334,0.0,0.6158705186880244,0.65625,0.9159663865546218,0.625,0.0,0.5493040966386554,0.7636363636363634,0.8044280442804428,0.7142857142857143,0,0.5705875305506302
191,7,entropy,1,0.8916666666666667,0.9824561403508771,0.8861788617886179,0.8166666666666667,0.0,0.6713254172015404,0.875,0.9159663865546218,0.875,0.0,0.6664915966386554,0.9256198347107438,0.9008264462809917,0.8448275862068966,0,0.6678184667996581
192,7,entropy,2,0.8958333333333334,0.9824561403508771,0.88,0.8448275862068966,0.0,0.6768209316394433,0.875,0.9243697478991597,0.875,0.0,0.66859243697479,0.9256198347107438,0.901639344262295,0.8596491228070176,0,0.6717270754450141
193,7,entropy,3,0.8916666666666667,1.0,0.8615384615384616,0.8545454545454545,0.0,0.679020979020979,0.859375,0.9411764705882353,0.8392857142857143,0.0,0.6599592962184874,0.9243697478991597,0.8995983935742972,0.8468468468468467,0,0.6677037470800758
194,7,entropy,4,0.9125,1.0,0.8778625954198473,0.9038461538461539,0.0,0.6954271873165003,0.890625,0.9663865546218487,0.8392857142857143,0.0,0.6740743172268908,0.9421487603305785,0.9200000000000002,0.8703703703703703,0,0.6831297826752373
195,7,entropy,5,0.9166666666666666,0.9830508474576272,0.8846153846153846,0.9215686274509803,0.0,0.697308714880998,0.90625,0.9663865546218487,0.8392857142857143,0.0,0.6779805672268908,0.943089430894309,0.9236947791164658,0.8785046728971961,0,0.6863222207269928
196,7,entropy,6,0.9166666666666666,0.9827586206896551,0.8846153846153846,0.9230769230769231,0.0,0.6976127320954908,0.890625,0.9663865546218487,0.8571428571428571,0.0,0.6785386029411765,0.9344262295081966,0.9236947791164658,0.888888888888889,0,0.6867524743783878
197,7,entropy,7,0.9125,1.0,0.8846153846153846,0.8888888888888888,0.0,0.6933760683760684,0.875,0.9663865546218487,0.8571428571428571,0.0,0.6746323529411765,0.9333333333333333,0.9236947791164658,0.8727272727272727,0,0.682438846294268
198,7,entropy,8,0.8916666666666667,0.9824561403508771,0.8571428571428571,0.88,0.0,0.6798997493734336,0.875,0.957983193277311,0.7857142857142857,0.0,0.6546743697478992,0.9256198347107438,0.9047619047619048,0.830188679245283,0,0.6651426046794828
199,7,entropy,9,0.875,0.9180327868852459,0.8527131782945736,0.88,0.0,0.6626864912949548,0.875,0.9243697478991597,0.7857142857142857,0.0,0.6462710084033614,0.8959999999999999,0.8870967741935484,0.830188679245283,0,0.6533213633597078
200,7,entropy,10,0.8583333333333333,0.9180327868852459,0.8222222222222222,0.8863636363636364,0.0,0.6566546613677761,0.875,0.9327731092436975,0.6964285714285714,0.0,0.6260504201680672,0.8959999999999999,0.874015748031496,0.7799999999999999,0,0.6375039370078739
201,7,entropy,11,0.8583333333333333,0.9180327868852459,0.8222222222222222,0.8863636363636364,0.0,0.6566546613677761,0.875,0.9327731092436975,0.6964285714285714,0.0,0.6260504201680672,0.8959999999999999,0.874015748031496,0.7799999999999999,0,0.6375039370078739
202,7,entropy,12,0.8458333333333333,0.9180327868852459,0.8029197080291971,0.8809523809523809,0.0,0.6504762189667059,0.875,0.9243697478991597,0.6607142857142857,0.0,0.6150210084033614,0.8959999999999999,0.8593750000000001,0.7551020408163266,0,0.6276192602040817
203,7,entropy,13,0.8208333333333333,1.0,0.7516339869281046,0.8809523809523809,0.0,0.6581465919701214,0.703125,0.9663865546218487,0.6607142857142857,0.0,0.5825564600840336,0.8256880733944955,0.8455882352941175,0.7551020408163266,0,0.606594587376235
204,7,entropy,14,0.8208333333333333,1.0,0.7516339869281046,0.8809523809523809,0.0,0.6581465919701214,0.703125,0.9663865546218487,0.6607142857142857,0.0,0.5825564600840336,0.8256880733944955,0.8455882352941175,0.7551020408163266,0,0.606594587376235
205,7,entropy,15,0.8125,0.9782608695652174,0.7450980392156863,0.8780487804878049,0.0,0.6503519223171771,0.703125,0.957983193277311,0.6428571428571429,0.0,0.5759913340336135,0.8181818181818182,0.838235294117647,0.7422680412371134,0,0.5996712883841446
206,7,entropy,16,0.7958333333333333,0.8867924528301887,0.7414965986394558,0.875,0.0,0.6258222628674112,0.734375,0.9159663865546218,0.625,0.0,0.5688353466386554,0.8034188034188035,0.8195488721804511,0.7291666666666666,0,0.5880335855664803
207,7,entropy,17,0.7833333333333333,0.8867924528301887,0.7266666666666667,0.8648648648648649,0.0,0.61958099609043,0.734375,0.9159663865546218,0.5714285714285714,0.0,0.5554424894957983,0.8034188034188035,0.8104089219330856,0.6881720430107527,0,0.5754999420906604
208,7,entropy,18,0.7833333333333333,0.8867924528301887,0.7266666666666667,0.8648648648648649,0.0,0.61958099609043,0.734375,0.9159663865546218,0.5714285714285714,0.0,0.5554424894957983,0.8034188034188035,0.8104089219330856,0.6881720430107527,0,0.5754999420906604
209,7,entropy,19,0.7708333333333334,0.8867924528301887,0.7124183006535948,0.8529411764705882,0.0,0.613037982488593,0.734375,0.9159663865546218,0.5178571428571429,0.0,0.5420496323529411,0.8034188034188035,0.8014705882352942,0.6444444444444445,0,0.5623334590246355
210,7,log_loss,1,0.8916666666666667,0.9824561403508771,0.8861788617886179,0.8166666666666667,0.0,0.6713254172015404,0.875,0.9159663865546218,0.875,0.0,0.6664915966386554,0.9256198347107438,0.9008264462809917,0.8448275862068966,0,0.6678184667996581
211,7,log_loss,2,0.8958333333333334,0.9824561403508771,0.88,0.8448275862068966,0.0,0.6768209316394433,0.875,0.9243697478991597,0.875,0.0,0.66859243697479,0.9256198347107438,0.901639344262295,0.8596491228070176,0,0.6717270754450141
212,7,log_loss,3,0.8833333333333333,0.9821428571428571,0.859375,0.8392857142857143,0.0,0.6702008928571429,0.859375,0.9243697478991597,0.8392857142857143,0.0,0.6557576155462185,0.9166666666666665,0.8906882591093118,0.8392857142857143,0,0.6616601600154232
213,7,log_loss,4,0.9041666666666667,0.9824561403508771,0.8702290076335878,0.9038461538461539,0.0,0.6891328254576546,0.875,0.957983193277311,0.8392857142857143,0.0,0.6680672268907564,0.9256198347107438,0.912,0.8703703703703703,0,0.6769975512702785
214,7,log_loss,5,0.9166666666666666,0.9830508474576272,0.8846153846153846,0.9215686274509803,0.0,0.697308714880998,0.90625,0.9663865546218487,0.8392857142857143,0.0,0.6779805672268908,0.943089430894309,0.9236947791164658,0.8785046728971961,0,0.6863222207269928
215,7,log_loss,6,0.9166666666666666,0.9827586206896551,0.8846153846153846,0.9230769230769231,0.0,0.6976127320954908,0.890625,0.9663865546218487,0.8571428571428571,0.0,0.6785386029411765,0.9344262295081966,0.9236947791164658,0.888888888888889,0,0.6867524743783878
216,7,log_loss,7,0.9125,1.0,0.8846153846153846,0.8888888888888888,0.0,0.6933760683760684,0.875,0.9663865546218487,0.8571428571428571,0.0,0.6746323529411765,0.9333333333333333,0.9236947791164658,0.8727272727272727,0,0.682438846294268
217,7,log_loss,8,0.8916666666666667,0.9824561403508771,0.8571428571428571,0.88,0.0,0.6798997493734336,0.875,0.957983193277311,0.7857142857142857,0.0,0.6546743697478992,0.9256198347107438,0.9047619047619048,0.830188679245283,0,0.6651426046794828
218,7,log_loss,9,0.875,0.9180327868852459,0.8527131782945736,0.88,0.0,0.6626864912949548,0.875,0.9243697478991597,0.7857142857142857,0.0,0.6462710084033614,0.8959999999999999,0.8870967741935484,0.830188679245283,0,0.6533213633597078
219,7,log_loss,10,0.8583333333333333,0.9180327868852459,0.8222222222222222,0.8863636363636364,0.0,0.6566546613677761,0.875,0.9327731092436975,0.6964285714285714,0.0,0.6260504201680672,0.8959999999999999,0.874015748031496,0.7799999999999999,0,0.6375039370078739
220,7,log_loss,11,0.8583333333333333,0.9180327868852459,0.8222222222222222,0.8863636363636364,0.0,0.6566546613677761,0.875,0.9327731092436975,0.6964285714285714,0.0,0.6260504201680672,0.8959999999999999,0.874015748031496,0.7799999999999999,0,0.6375039370078739
221,7,log_loss,12,0.8458333333333333,0.9180327868852459,0.8029197080291971,0.8809523809523809,0.0,0.6504762189667059,0.875,0.9243697478991597,0.6607142857142857,0.0,0.6150210084033614,0.8959999999999999,0.8593750000000001,0.7551020408163266,0,0.6276192602040817
222,7,log_loss,13,0.8208333333333333,1.0,0.7516339869281046,0.8809523809523809,0.0,0.6581465919701214,0.703125,0.9663865546218487,0.6607142857142857,0.0,0.5825564600840336,0.8256880733944955,0.8455882352941175,0.7551020408163266,0,0.606594587376235
223,7,log_loss,14,0.8208333333333333,1.0,0.7516339869281046,0.8809523809523809,0.0,0.6581465919701214,0.703125,0.9663865546218487,0.6607142857142857,0.0,0.5825564600840336,0.8256880733944955,0.8455882352941175,0.7551020408163266,0,0.606594587376235
224,7,log_loss,15,0.8125,0.9782608695652174,0.7450980392156863,0.8780487804878049,0.0,0.6503519223171771,0.703125,0.957983193277311,0.6428571428571429,0.0,0.5759913340336135,0.8181818181818182,0.838235294117647,0.7422680412371134,0,0.5996712883841446
225,7,log_loss,16,0.7958333333333333,0.8867924528301887,0.7414965986394558,0.875,0.0,0.6258222628674112,0.734375,0.9159663865546218,0.625,0.0,0.5688353466386554,0.8034188034188035,0.8195488721804511,0.7291666666666666,0,0.5880335855664803
226,7,log_loss,17,0.7833333333333333,0.8867924528301887,0.7266666666666667,0.8648648648648649,0.0,0.61958099609043,0.734375,0.9159663865546218,0.5714285714285714,0.0,0.5554424894957983,0.8034188034188035,0.8104089219330856,0.6881720430107527,0,0.5754999420906604
227,7,log_loss,18,0.7833333333333333,0.8867924528301887,0.7266666666666667,0.8648648648648649,0.0,0.61958099609043,0.734375,0.9159663865546218,0.5714285714285714,0.0,0.5554424894957983,0.8034188034188035,0.8104089219330856,0.6881720430107527,0,0.5754999420906604
228,7,log_loss,19,0.7708333333333334,0.8867924528301887,0.7124183006535948,0.8529411764705882,0.0,0.613037982488593,0.734375,0.9159663865546218,0.5178571428571429,0.0,0.5420496323529411,0.8034188034188035,0.8014705882352942,0.6444444444444445,0,0.5623334590246355
229,8,gini,1,0.8666666666666667,0.9333333333333333,0.8333333333333334,0.875,0.0,0.6604166666666667,0.875,0.9243697478991597,0.75,0.0,0.63734243697479,0.9032258064516129,0.8764940239043826,0.8076923076923077,0,0.6468530345120758
230,8,gini,2,0.8541666666666666,0.9137931034482759,0.8102189781021898,0.9111111111111111,0.0,0.6587807981653941,0.828125,0.9327731092436975,0.7321428571428571,0.0,0.6232602415966386,0.8688524590163935,0.8671875,0.8118811881188118,0,0.6369802867838014
231,8,gini,3,0.825,0.9245283018867925,0.782608695652174,0.8367346938775511,0.0,0.6359679228541293,0.765625,0.907563025210084,0.7321428571428571,0.0,0.6013327205882353,0.8376068376068376,0.840466926070039,0.7809523809523811,0,0.6147565361573144
232,8,gini,4,0.8333333333333334,0.9019607843137255,0.7816901408450704,0.9148936170212766,0.0,0.6496361355450181,0.71875,0.9327731092436975,0.7678571428571429,0.0,0.6048450630252101,0.8,0.8505747126436782,0.8349514563106796,0,0.6213815422385894
233,8,gini,5,0.8375,0.9038461538461539,0.7872340425531915,0.9148936170212766,0.0,0.6514934533551555,0.734375,0.9327731092436975,0.7678571428571429,0.0,0.6087513130252101,0.810344827586207,0.8538461538461538,0.8349514563106796,0,0.6247856094357601
234,8,gini,6,0.8458333333333333,0.8928571428571429,0.7985611510791367,0.9333333333333333,0.0,0.6561879068174032,0.78125,0.9327731092436975,0.75,0.0,0.6160057773109244,0.8333333333333334,0.8604651162790697,0.8316831683168316,0,0.6313704044823086
235,8,gini,7,0.825,0.92,0.7785714285714286,0.86,0.0,0.6396428571428572,0.71875,0.9159663865546218,0.7678571428571429,0.0,0.6006433823529411,0.8070175438596492,0.8416988416988417,0.8113207547169812,0,0.615009285068868
236,8,gini,8,0.8125,0.9056603773584906,0.7659574468085106,0.8478260869565217,0.0,0.6298609777808808,0.75,0.907563025210084,0.6964285714285714,0.0,0.5884978991596639,0.8205128205128206,0.8307692307692306,0.7647058823529412,0,0.6039969834087481
237,8,gini,9,0.8125,0.9056603773584906,0.7659574468085106,0.8478260869565217,0.0,0.6298609777808808,0.75,0.907563025210084,0.6964285714285714,0.0,0.5884978991596639,0.8205128205128206,0.8307692307692306,0.7647058823529412,0,0.6039969834087481
238,8,gini,10,0.8125,0.9056603773584906,0.7659574468085106,0.8478260869565217,0.0,0.6298609777808808,0.75,0.907563025210084,0.6964285714285714,0.0,0.5884978991596639,0.8205128205128206,0.8307692307692306,0.7647058823529412,0,0.6039969834087481
239,8,gini,11,0.8125,0.9056603773584906,0.7659574468085106,0.8478260869565217,0.0,0.6298609777808808,0.75,0.907563025210084,0.6964285714285714,0.0,0.5884978991596639,0.8205128205128206,0.8307692307692306,0.7647058823529412,0,0.6039969834087481
240,8,gini,12,0.8125,0.9056603773584906,0.7659574468085106,0.8478260869565217,0.0,0.6298609777808808,0.75,0.907563025210084,0.6964285714285714,0.0,0.5884978991596639,0.8205128205128206,0.8307692307692306,0.7647058823529412,0,0.6039969834087481
241,8,gini,13,0.8125,0.9056603773584906,0.7659574468085106,0.8478260869565217,0.0,0.6298609777808808,0.75,0.907563025210084,0.6964285714285714,0.0,0.5884978991596639,0.8205128205128206,0.8307692307692306,0.7647058823529412,0,0.6039969834087481
242,8,gini,14,0.8125,0.9056603773584906,0.7659574468085106,0.8478260869565217,0.0,0.6298609777808808,0.75,0.907563025210084,0.6964285714285714,0.0,0.5884978991596639,0.8205128205128206,0.8307692307692306,0.7647058823529412,0,0.6039969834087481
243,8,gini,15,0.7916666666666666,0.9130434782608695,0.7364864864864865,0.8478260869565217,0.0,0.6243390129259694,0.65625,0.9159663865546218,0.6964285714285714,0.0,0.5671612394957983,0.7636363636363634,0.8164794007490637,0.7647058823529412,0,0.5862054116845921
244,8,gini,16,0.7916666666666666,0.9130434782608695,0.7364864864864865,0.8478260869565217,0.0,0.6243390129259694,0.65625,0.9159663865546218,0.6964285714285714,0.0,0.5671612394957983,0.7636363636363634,0.8164794007490637,0.7647058823529412,0,0.5862054116845921
245,8,gini,17,0.7875,0.9130434782608695,0.7315436241610739,0.8444444444444444,0.0,0.622257886716597,0.65625,0.9159663865546218,0.6785714285714286,0.0,0.5626969537815125,0.7636363636363634,0.8134328358208955,0.7524752475247526,0,0.5823861117455029
246,8,gini,18,0.7875,0.9130434782608695,0.7315436241610739,0.8444444444444444,0.0,0.622257886716597,0.65625,0.9159663865546218,0.6785714285714286,0.0,0.5626969537815125,0.7636363636363634,0.8134328358208955,0.7524752475247526,0,0.5823861117455029
247,8,gini,19,0.775,0.9130434782608695,0.7171052631578947,0.8333333333333334,0.0,0.6158705186880244,0.65625,0.9159663865546218,0.625,0.0,0.5493040966386554,0.7636363636363634,0.8044280442804428,0.7142857142857143,0,0.5705875305506302
248,8,entropy,1,0.9,1.0,0.8702290076335878,0.8679245283018868,0.0,0.6845383839838686,0.875,0.957983193277311,0.8214285714285714,0.0,0.6636029411764706,0.9333333333333333,0.912,0.8440366972477065,0,0.67234250764526
249,8,entropy,2,0.9083333333333333,1.0,0.8712121212121212,0.9019607843137255,0.0,0.6932932263814616,0.890625,0.9663865546218487,0.8214285714285714,0.0,0.669610031512605,0.9421487603305785,0.9163346613545816,0.8598130841121495,0,0.6795741264493275
250,8,entropy,3,0.8875,1.0,0.8549618320610687,0.8518518518518519,0.0,0.6767034209782301,0.859375,0.9411764705882353,0.8214285714285714,0.0,0.6554950105042017,0.9243697478991597,0.896,0.8363636363636364,0,0.6641833460656991
251,8,entropy,4,0.9,0.9821428571428571,0.8636363636363636,0.9038461538461539,0.0,0.6874063436563437,0.859375,0.957983193277311,0.8392857142857143,0.0,0.6641609768907564,0.9166666666666665,0.9083665338645418,0.8703703703703703,0,0.6738508927253947
252,8,entropy,5,0.9166666666666666,0.9830508474576272,0.8846153846153846,0.9215686274509803,0.0,0.697308714880998,0.90625,0.9663865546218487,0.8392857142857143,0.0,0.6779805672268908,0.943089430894309,0.9236947791164658,0.8785046728971961,0,0.6863222207269928
253,8,entropy,6,0.925,1.0,0.8923076923076924,0.9230769230769231,0.0,0.7038461538461538,0.90625,0.9747899159663865,0.8571428571428571,0.0,0.684545693277311,0.9508196721311475,0.9317269076305221,0.888888888888889,0,0.6928588671626397
254,8,entropy,7,0.9125,1.0,0.8846153846153846,0.8888888888888888,0.0,0.6933760683760684,0.875,0.9663865546218487,0.8571428571428571,0.0,0.6746323529411765,0.9333333333333333,0.9236947791164658,0.8727272727272727,0,0.682438846294268
255,8,entropy,8,0.8916666666666667,0.9824561403508771,0.8571428571428571,0.88,0.0,0.6798997493734336,0.875,0.957983193277311,0.7857142857142857,0.0,0.6546743697478992,0.9256198347107438,0.9047619047619048,0.830188679245283,0,0.6651426046794828
256,8,entropy,9,0.875,0.9180327868852459,0.8527131782945736,0.88,0.0,0.6626864912949548,0.875,0.9243697478991597,0.7857142857142857,0.0,0.6462710084033614,0.8959999999999999,0.8870967741935484,0.830188679245283,0,0.6533213633597078
257,8,entropy,10,0.8583333333333333,0.9180327868852459,0.8222222222222222,0.8863636363636364,0.0,0.6566546613677761,0.875,0.9327731092436975,0.6964285714285714,0.0,0.6260504201680672,0.8959999999999999,0.874015748031496,0.7799999999999999,0,0.6375039370078739
258,8,entropy,11,0.8583333333333333,0.9180327868852459,0.8222222222222222,0.8863636363636364,0.0,0.6566546613677761,0.875,0.9327731092436975,0.6964285714285714,0.0,0.6260504201680672,0.8959999999999999,0.874015748031496,0.7799999999999999,0,0.6375039370078739
259,8,entropy,12,0.8458333333333333,0.9180327868852459,0.8029197080291971,0.8809523809523809,0.0,0.6504762189667059,0.875,0.9243697478991597,0.6607142857142857,0.0,0.6150210084033614,0.8959999999999999,0.8593750000000001,0.7551020408163266,0,0.6276192602040817
260,8,entropy,13,0.8208333333333333,1.0,0.7516339869281046,0.8809523809523809,0.0,0.6581465919701214,0.703125,0.9663865546218487,0.6607142857142857,0.0,0.5825564600840336,0.8256880733944955,0.8455882352941175,0.7551020408163266,0,0.606594587376235
261,8,entropy,14,0.8208333333333333,1.0,0.7516339869281046,0.8809523809523809,0.0,0.6581465919701214,0.703125,0.9663865546218487,0.6607142857142857,0.0,0.5825564600840336,0.8256880733944955,0.8455882352941175,0.7551020408163266,0,0.606594587376235
262,8,entropy,15,0.8125,0.9782608695652174,0.7450980392156863,0.8780487804878049,0.0,0.6503519223171771,0.703125,0.957983193277311,0.6428571428571429,0.0,0.5759913340336135,0.8181818181818182,0.838235294117647,0.7422680412371134,0,0.5996712883841446
263,8,entropy,16,0.7958333333333333,0.8867924528301887,0.7414965986394558,0.875,0.0,0.6258222628674112,0.734375,0.9159663865546218,0.625,0.0,0.5688353466386554,0.8034188034188035,0.8195488721804511,0.7291666666666666,0,0.5880335855664803
264,8,entropy,17,0.7833333333333333,0.8867924528301887,0.7266666666666667,0.8648648648648649,0.0,0.61958099609043,0.734375,0.9159663865546218,0.5714285714285714,0.0,0.5554424894957983,0.8034188034188035,0.8104089219330856,0.6881720430107527,0,0.5754999420906604
265,8,entropy,18,0.7833333333333333,0.8867924528301887,0.7266666666666667,0.8648648648648649,0.0,0.61958099609043,0.734375,0.9159663865546218,0.5714285714285714,0.0,0.5554424894957983,0.8034188034188035,0.8104089219330856,0.6881720430107527,0,0.5754999420906604
266,8,entropy,19,0.7708333333333334,0.8867924528301887,0.7124183006535948,0.8529411764705882,0.0,0.613037982488593,0.734375,0.9159663865546218,0.5178571428571429,0.0,0.5420496323529411,0.8034188034188035,0.8014705882352942,0.6444444444444445,0,0.5623334590246355
267,8,log_loss,1,0.9,1.0,0.8702290076335878,0.8679245283018868,0.0,0.6845383839838686,0.875,0.957983193277311,0.8214285714285714,0.0,0.6636029411764706,0.9333333333333333,0.912,0.8440366972477065,0,0.67234250764526
268,8,log_loss,2,0.9083333333333333,1.0,0.8712121212121212,0.9019607843137255,0.0,0.6932932263814616,0.890625,0.9663865546218487,0.8214285714285714,0.0,0.669610031512605,0.9421487603305785,0.9163346613545816,0.8598130841121495,0,0.6795741264493275
269,8,log_loss,3,0.8833333333333333,0.9821428571428571,0.8538461538461538,0.8518518518518519,0.0,0.6719602157102157,0.859375,0.9327731092436975,0.8214285714285714,0.0,0.6533941701680672,0.9166666666666665,0.891566265060241,0.8363636363636364,0,0.661149142022636
270,8,log_loss,4,0.9041666666666667,0.9824561403508771,0.8702290076335878,0.9038461538461539,0.0,0.6891328254576546,0.875,0.957983193277311,0.8392857142857143,0.0,0.6680672268907564,0.9256198347107438,0.912,0.8703703703703703,0,0.6769975512702785
271,8,log_loss,5,0.9083333333333333,0.9661016949152542,0.8769230769230769,0.9215686274509803,0.0,0.6911483498223279,0.890625,0.957983193277311,0.8392857142857143,0.0,0.6719734768907564,0.9268292682926829,0.9156626506024096,0.8785046728971961,0,0.6802491479480721
272,8,log_loss,6,0.9166666666666666,0.9827586206896551,0.8846153846153846,0.9230769230769231,0.0,0.6976127320954908,0.890625,0.9663865546218487,0.8571428571428571,0.0,0.6785386029411765,0.9344262295081966,0.9236947791164658,0.888888888888889,0,0.6867524743783878
273,8,log_loss,7,0.9125,1.0,0.8846153846153846,0.8888888888888888,0.0,0.6933760683760684,0.875,0.9663865546218487,0.8571428571428571,0.0,0.6746323529411765,0.9333333333333333,0.9236947791164658,0.8727272727272727,0,0.682438846294268
274,8,log_loss,8,0.8916666666666667,0.9824561403508771,0.8571428571428571,0.88,0.0,0.6798997493734336,0.875,0.957983193277311,0.7857142857142857,0.0,0.6546743697478992,0.9256198347107438,0.9047619047619048,0.830188679245283,0,0.6651426046794828
275,8,log_loss,9,0.875,0.9180327868852459,0.8527131782945736,0.88,0.0,0.6626864912949548,0.875,0.9243697478991597,0.7857142857142857,0.0,0.6462710084033614,0.8959999999999999,0.8870967741935484,0.830188679245283,0,0.6533213633597078
276,8,log_loss,10,0.8583333333333333,0.9180327868852459,0.8222222222222222,0.8863636363636364,0.0,0.6566546613677761,0.875,0.9327731092436975,0.6964285714285714,0.0,0.6260504201680672,0.8959999999999999,0.874015748031496,0.7799999999999999,0,0.6375039370078739
277,8,log_loss,11,0.8583333333333333,0.9180327868852459,0.8222222222222222,0.8863636363636364,0.0,0.6566546613677761,0.875,0.9327731092436975,0.6964285714285714,0.0,0.6260504201680672,0.8959999999999999,0.874015748031496,0.7799999999999999,0,0.6375039370078739
278,8,log_loss,12,0.8458333333333333,0.9180327868852459,0.8029197080291971,0.8809523809523809,0.0,0.6504762189667059,0.875,0.9243697478991597,0.6607142857142857,0.0,0.6150210084033614,0.8959999999999999,0.8593750000000001,0.7551020408163266,0,0.6276192602040817
279,8,log_loss,13,0.8208333333333333,1.0,0.7516339869281046,0.8809523809523809,0.0,0.6581465919701214,0.703125,0.9663865546218487,0.6607142857142857,0.0,0.5825564600840336,0.8256880733944955,0.8455882352941175,0.7551020408163266,0,0.606594587376235
280,8,log_loss,14,0.8208333333333333,1.0,0.7516339869281046,0.8809523809523809,0.0,0.6581465919701214,0.703125,0.9663865546218487,0.6607142857142857,0.0,0.5825564600840336,0.8256880733944955,0.8455882352941175,0.7551020408163266,0,0.606594587376235
281,8,log_loss,15,0.8125,0.9782608695652174,0.7450980392156863,0.8780487804878049,0.0,0.6503519223171771,0.703125,0.957983193277311,0.6428571428571429,0.0,0.5759913340336135,0.8181818181818182,0.838235294117647,0.7422680412371134,0,0.5996712883841446
282,8,log_loss,16,0.7958333333333333,0.8867924528301887,0.7414965986394558,0.875,0.0,0.6258222628674112,0.734375,0.9159663865546218,0.625,0.0,0.5688353466386554,0.8034188034188035,0.8195488721804511,0.7291666666666666,0,0.5880335855664803
283,8,log_loss,17,0.7833333333333333,0.8867924528301887,0.7266666666666667,0.8648648648648649,0.0,0.61958099609043,0.734375,0.9159663865546218,0.5714285714285714,0.0,0.5554424894957983,0.8034188034188035,0.8104089219330856,0.6881720430107527,0,0.5754999420906604
284,8,log_loss,18,0.7833333333333333,0.8867924528301887,0.7266666666666667,0.8648648648648649,0.0,0.61958099609043,0.734375,0.9159663865546218,0.5714285714285714,0.0,0.5554424894957983,0.8034188034188035,0.8104089219330856,0.6881720430107527,0,0.5754999420906604
285,8,log_loss,19,0.7708333333333334,0.8867924528301887,0.7124183006535948,0.8529411764705882,0.0,0.613037982488593,0.734375,0.9159663865546218,0.5178571428571429,0.0,0.5420496323529411,0.8034188034188035,0.8014705882352942,0.6444444444444445,0,0.5623334590246355
286,9,gini,1,0.875,0.9322033898305084,0.8473282442748091,0.88,0.0,0.6648829085263294,0.859375,0.9327731092436975,0.7857142857142857,0.0,0.6444655987394958,0.8943089430894309,0.888,0.830188679245283,0,0.6531244055836785
287,9,gini,2,0.85,0.9137931034482759,0.8043478260869565,0.9090909090909091,0.0,0.6568079596565354,0.828125,0.9327731092436975,0.7142857142857143,0.0,0.6187959558823529,0.8688524590163935,0.8638132295719845,0.8,0,0.6331664221470945
288,9,gini,3,0.8125,0.9074074074074074,0.7697841726618705,0.8297872340425532,0.0,0.6267447035279579,0.765625,0.8991596638655462,0.6964285714285714,0.0,0.5903033088235294,0.8305084745762712,0.8294573643410853,0.7572815533980581,0,0.6043118480788536
289,9,gini,4,0.8333333333333334,0.9019607843137255,0.7816901408450704,0.9148936170212766,0.0,0.6496361355450181,0.71875,0.9327731092436975,0.7678571428571429,0.0,0.6048450630252101,0.8,0.8505747126436782,0.8349514563106796,0,0.6213815422385894
290,9,gini,5,0.8375,0.9038461538461539,0.7872340425531915,0.9148936170212766,0.0,0.6514934533551555,0.734375,0.9327731092436975,0.7678571428571429,0.0,0.6087513130252101,0.810344827586207,0.8538461538461538,0.8349514563106796,0,0.6247856094357601
291,9,gini,6,0.8458333333333333,0.8928571428571429,0.7985611510791367,0.9333333333333333,0.0,0.6561879068174032,0.78125,0.9327731092436975,0.75,0.0,0.6160057773109244,0.8333333333333334,0.8604651162790697,0.8316831683168316,0,0.6313704044823086
292,9,gini,7,0.825,0.92,0.7785714285714286,0.86,0.0,0.6396428571428572,0.71875,0.9159663865546218,0.7678571428571429,0.0,0.6006433823529411,0.8070175438596492,0.8416988416988417,0.8113207547169812,0,0.615009285068868
293,9,gini,8,0.8125,0.9056603773584906,0.7659574468085106,0.8478260869565217,0.0,0.6298609777808808,0.75,0.907563025210084,0.6964285714285714,0.0,0.5884978991596639,0.8205128205128206,0.8307692307692306,0.7647058823529412,0,0.6039969834087481
294,9,gini,9,0.8125,0.9056603773584906,0.7659574468085106,0.8478260869565217,0.0,0.6298609777808808,0.75,0.907563025210084,0.6964285714285714,0.0,0.5884978991596639,0.8205128205128206,0.8307692307692306,0.7647058823529412,0,0.6039969834087481
295,9,gini,10,0.8125,0.9056603773584906,0.7659574468085106,0.8478260869565217,0.0,0.6298609777808808,0.75,0.907563025210084,0.6964285714285714,0.0,0.5884978991596639,0.8205128205128206,0.8307692307692306,0.7647058823529412,0,0.6039969834087481
296,9,gini,11,0.8125,0.9056603773584906,0.7659574468085106,0.8478260869565217,0.0,0.6298609777808808,0.75,0.907563025210084,0.6964285714285714,0.0,0.5884978991596639,0.8205128205128206,0.8307692307692306,0.7647058823529412,0,0.6039969834087481
297,9,gini,12,0.8125,0.9056603773584906,0.7659574468085106,0.8478260869565217,0.0,0.6298609777808808,0.75,0.907563025210084,0.6964285714285714,0.0,0.5884978991596639,0.8205128205128206,0.8307692307692306,0.7647058823529412,0,0.6039969834087481
298,9,gini,13,0.8125,0.9056603773584906,0.7659574468085106,0.8478260869565217,0.0,0.6298609777808808,0.75,0.907563025210084,0.6964285714285714,0.0,0.5884978991596639,0.8205128205128206,0.8307692307692306,0.7647058823529412,0,0.6039969834087481
299,9,gini,14,0.8125,0.9056603773584906,0.7659574468085106,0.8478260869565217,0.0,0.6298609777808808,0.75,0.907563025210084,0.6964285714285714,0.0,0.5884978991596639,0.8205128205128206,0.8307692307692306,0.7647058823529412,0,0.6039969834087481
300,9,gini,15,0.7916666666666666,0.9130434782608695,0.7364864864864865,0.8478260869565217,0.0,0.6243390129259694,0.65625,0.9159663865546218,0.6964285714285714,0.0,0.5671612394957983,0.7636363636363634,0.8164794007490637,0.7647058823529412,0,0.5862054116845921
301,9,gini,16,0.7916666666666666,0.9130434782608695,0.7364864864864865,0.8478260869565217,0.0,0.6243390129259694,0.65625,0.9159663865546218,0.6964285714285714,0.0,0.5671612394957983,0.7636363636363634,0.8164794007490637,0.7647058823529412,0,0.5862054116845921
302,9,gini,17,0.7875,0.9130434782608695,0.7315436241610739,0.8444444444444444,0.0,0.622257886716597,0.65625,0.9159663865546218,0.6785714285714286,0.0,0.5626969537815125,0.7636363636363634,0.8134328358208955,0.7524752475247526,0,0.5823861117455029
303,9,gini,18,0.7875,0.9130434782608695,0.7315436241610739,0.8444444444444444,0.0,0.622257886716597,0.65625,0.9159663865546218,0.6785714285714286,0.0,0.5626969537815125,0.7636363636363634,0.8134328358208955,0.7524752475247526,0,0.5823861117455029
304,9,gini,19,0.775,0.9130434782608695,0.7171052631578947,0.8333333333333334,0.0,0.6158705186880244,0.65625,0.9159663865546218,0.625,0.0,0.5493040966386554,0.7636363636363634,0.8044280442804428,0.7142857142857143,0,0.5705875305506302
305,9,entropy,1,0.9083333333333333,1.0,0.8837209302325582,0.8727272727272727,0.0,0.6891120507399577,0.875,0.957983193277311,0.8571428571428571,0.0,0.6725315126050421,0.9333333333333333,0.9193548387096775,0.8648648648648648,0,0.6793882592269689
306,9,entropy,2,0.9083333333333333,1.0,0.8712121212121212,0.9019607843137255,0.0,0.6932932263814616,0.890625,0.9663865546218487,0.8214285714285714,0.0,0.669610031512605,0.9421487603305785,0.9163346613545816,0.8598130841121495,0,0.6795741264493275
307,9,entropy,3,0.9041666666666667,0.9821428571428571,0.8646616541353384,0.9215686274509803,0.0,0.6920932846822939,0.859375,0.9663865546218487,0.8392857142857143,0.0,0.6662618172268908,0.9166666666666665,0.9126984126984127,0.8785046728971961,0,0.6769674380655688
308,9,entropy,4,0.9041666666666667,0.9821428571428571,0.8646616541353384,0.9215686274509803,0.0,0.6920932846822939,0.859375,0.9663865546218487,0.8392857142857143,0.0,0.6662618172268908,0.9166666666666665,0.9126984126984127,0.8785046728971961,0,0.6769674380655688
309,9,entropy,5,0.9125,0.9661016949152542,0.8778625954198473,0.94,0.0,0.6959910725837753,0.890625,0.9663865546218487,0.8392857142857143,0.0,0.6740743172268908,0.9268292682926829,0.9200000000000002,0.8867924528301886,0,0.6834054302807179
310,9,entropy,6,0.9208333333333333,0.9827586206896551,0.8854961832061069,0.9411764705882353,0.0,0.7023578186209993,0.890625,0.9747899159663865,0.8571428571428571,0.0,0.680639443277311,0.9344262295081966,0.928,0.897196261682243,0,0.6899056227976099
311,9,entropy,7,0.9125,1.0,0.8846153846153846,0.8888888888888888,0.0,0.6933760683760684,0.875,0.9663865546218487,0.8571428571428571,0.0,0.6746323529411765,0.9333333333333333,0.9236947791164658,0.8727272727272727,0,0.682438846294268
312,9,entropy,8,0.8916666666666667,0.9824561403508771,0.8571428571428571,0.88,0.0,0.6798997493734336,0.875,0.957983193277311,0.7857142857142857,0.0,0.6546743697478992,0.9256198347107438,0.9047619047619048,0.830188679245283,0,0.6651426046794828
313,9,entropy,9,0.875,0.9180327868852459,0.8527131782945736,0.88,0.0,0.6626864912949548,0.875,0.9243697478991597,0.7857142857142857,0.0,0.6462710084033614,0.8959999999999999,0.8870967741935484,0.830188679245283,0,0.6533213633597078
314,9,entropy,10,0.8583333333333333,0.9180327868852459,0.8222222222222222,0.8863636363636364,0.0,0.6566546613677761,0.875,0.9327731092436975,0.6964285714285714,0.0,0.6260504201680672,0.8959999999999999,0.874015748031496,0.7799999999999999,0,0.6375039370078739
315,9,entropy,11,0.8583333333333333,0.9180327868852459,0.8222222222222222,0.8863636363636364,0.0,0.6566546613677761,0.875,0.9327731092436975,0.6964285714285714,0.0,0.6260504201680672,0.8959999999999999,0.874015748031496,0.7799999999999999,0,0.6375039370078739
316,9,entropy,12,0.8458333333333333,0.9180327868852459,0.8029197080291971,0.8809523809523809,0.0,0.6504762189667059,0.875,0.9243697478991597,0.6607142857142857,0.0,0.6150210084033614,0.8959999999999999,0.8593750000000001,0.7551020408163266,0,0.6276192602040817
317,9,entropy,13,0.8208333333333333,1.0,0.7516339869281046,0.8809523809523809,0.0,0.6581465919701214,0.703125,0.9663865546218487,0.6607142857142857,0.0,0.5825564600840336,0.8256880733944955,0.8455882352941175,0.7551020408163266,0,0.606594587376235
318,9,entropy,14,0.8208333333333333,1.0,0.7516339869281046,0.8809523809523809,0.0,0.6581465919701214,0.703125,0.9663865546218487,0.6607142857142857,0.0,0.5825564600840336,0.8256880733944955,0.8455882352941175,0.7551020408163266,0,0.606594587376235
319,9,entropy,15,0.8125,0.9782608695652174,0.7450980392156863,0.8780487804878049,0.0,0.6503519223171771,0.703125,0.957983193277311,0.6428571428571429,0.0,0.5759913340336135,0.8181818181818182,0.838235294117647,0.7422680412371134,0,0.5996712883841446
320,9,entropy,16,0.7958333333333333,0.8867924528301887,0.7414965986394558,0.875,0.0,0.6258222628674112,0.734375,0.9159663865546218,0.625,0.0,0.5688353466386554,0.8034188034188035,0.8195488721804511,0.7291666666666666,0,0.5880335855664803
321,9,entropy,17,0.7833333333333333,0.8867924528301887,0.7266666666666667,0.8648648648648649,0.0,0.61958099609043,0.734375,0.9159663865546218,0.5714285714285714,0.0,0.5554424894957983,0.8034188034188035,0.8104089219330856,0.6881720430107527,0,0.5754999420906604
322,9,entropy,18,0.7833333333333333,0.8867924528301887,0.7266666666666667,0.8648648648648649,0.0,0.61958099609043,0.734375,0.9159663865546218,0.5714285714285714,0.0,0.5554424894957983,0.8034188034188035,0.8104089219330856,0.6881720430107527,0,0.5754999420906604
323,9,entropy,19,0.7708333333333334,0.8867924528301887,0.7124183006535948,0.8529411764705882,0.0,0.613037982488593,0.734375,0.9159663865546218,0.5178571428571429,0.0,0.5420496323529411,0.8034188034188035,0.8014705882352942,0.6444444444444445,0,0.5623334590246355
324,9,log_loss,1,0.9125,0.9824561403508771,0.8846153846153846,0.9056603773584906,0.0,0.693182975581188,0.875,0.9663865546218487,0.8571428571428571,0.0,0.6746323529411765,0.9256198347107438,0.9236947791164658,0.8807339449541285,0,0.6825121396953345
325,9,log_loss,2,0.9125,0.9827586206896551,0.8721804511278195,0.9387755102040817,0.0,0.6984286455053891,0.890625,0.9747899159663865,0.8214285714285714,0.0,0.6717108718487395,0.9344262295081966,0.9206349206349207,0.8761904761904763,0,0.6828129065833984
326,9,log_loss,3,0.9083333333333333,1.0,0.8656716417910447,0.9215686274509803,0.0,0.6968100673105062,0.859375,0.9747899159663865,0.8392857142857143,0.0,0.6683626575630253,0.9243697478991597,0.9169960474308301,0.8785046728971961,0,0.6799676170567965
327,9,log_loss,4,0.9166666666666666,1.0,0.8787878787878788,0.9215686274509803,0.0,0.7000891265597148,0.890625,0.9747899159663865,0.8392857142857143,0.0,0.6761751575630253,0.9421487603305785,0.9243027888446215,0.8785046728971961,0,0.686239055518099
328,9,log_loss,5,0.9125,0.9661016949152542,0.8778625954198473,0.94,0.0,0.6959910725837753,0.890625,0.9663865546218487,0.8392857142857143,0.0,0.6740743172268908,0.9268292682926829,0.9200000000000002,0.8867924528301886,0,0.6834054302807179
329,9,log_loss,6,0.9208333333333333,0.9827586206896551,0.8854961832061069,0.9411764705882353,0.0,0.7023578186209993,0.890625,0.9747899159663865,0.8571428571428571,0.0,0.680639443277311,0.9344262295081966,0.928,0.897196261682243,0,0.6899056227976099
330,9,log_loss,7,0.9125,1.0,0.8846153846153846,0.8888888888888888,0.0,0.6933760683760684,0.875,0.9663865546218487,0.8571428571428571,0.0,0.6746323529411765,0.9333333333333333,0.9236947791164658,0.8727272727272727,0,0.682438846294268
331,9,log_loss,8,0.8916666666666667,0.9824561403508771,0.8571428571428571,0.88,0.0,0.6798997493734336,0.875,0.957983193277311,0.7857142857142857,0.0,0.6546743697478992,0.9256198347107438,0.9047619047619048,0.830188679245283,0,0.6651426046794828
332,9,log_loss,9,0.875,0.9180327868852459,0.8527131782945736,0.88,0.0,0.6626864912949548,0.875,0.9243697478991597,0.7857142857142857,0.0,0.6462710084033614,0.8959999999999999,0.8870967741935484,0.830188679245283,0,0.6533213633597078
333,9,log_loss,10,0.8583333333333333,0.9180327868852459,0.8222222222222222,0.8863636363636364,0.0,0.6566546613677761,0.875,0.9327731092436975,0.6964285714285714,0.0,0.6260504201680672,0.8959999999999999,0.874015748031496,0.7799999999999999,0,0.6375039370078739
334,9,log_loss,11,0.8583333333333333,0.9180327868852459,0.8222222222222222,0.8863636363636364,0.0,0.6566546613677761,0.875,0.9327731092436975,0.6964285714285714,0.0,0.6260504201680672,0.8959999999999999,0.874015748031496,0.7799999999999999,0,0.6375039370078739
335,9,log_loss,12,0.8458333333333333,0.9180327868852459,0.8029197080291971,0.8809523809523809,0.0,0.6504762189667059,0.875,0.9243697478991597,0.6607142857142857,0.0,0.6150210084033614,0.8959999999999999,0.8593750000000001,0.7551020408163266,0,0.6276192602040817
336,9,log_loss,13,0.8208333333333333,1.0,0.7516339869281046,0.8809523809523809,0.0,0.6581465919701214,0.703125,0.9663865546218487,0.6607142857142857,0.0,0.5825564600840336,0.8256880733944955,0.8455882352941175,0.7551020408163266,0,0.606594587376235
337,9,log_loss,14,0.8208333333333333,1.0,0.7516339869281046,0.8809523809523809,0.0,0.6581465919701214,0.703125,0.9663865546218487,0.6607142857142857,0.0,0.5825564600840336,0.8256880733944955,0.8455882352941175,0.7551020408163266,0,0.606594587376235
338,9,log_loss,15,0.8125,0.9782608695652174,0.7450980392156863,0.8780487804878049,0.0,0.6503519223171771,0.703125,0.957983193277311,0.6428571428571429,0.0,0.5759913340336135,0.8181818181818182,0.838235294117647,0.7422680412371134,0,0.5996712883841446
339,9,log_loss,16,0.7958333333333333,0.8867924528301887,0.7414965986394558,0.875,0.0,0.6258222628674112,0.734375,0.9159663865546218,0.625,0.0,0.5688353466386554,0.8034188034188035,0.8195488721804511,0.7291666666666666,0,0.5880335855664803
340,9,log_loss,17,0.7833333333333333,0.8867924528301887,0.7266666666666667,0.8648648648648649,0.0,0.61958099609043,0.734375,0.9159663865546218,0.5714285714285714,0.0,0.5554424894957983,0.8034188034188035,0.8104089219330856,0.6881720430107527,0,0.5754999420906604
341,9,log_loss,18,0.7833333333333333,0.8867924528301887,0.7266666666666667,0.8648648648648649,0.0,0.61958099609043,0.734375,0.9159663865546218,0.5714285714285714,0.0,0.5554424894957983,0.8034188034188035,0.8104089219330856,0.6881720430107527,0,0.5754999420906604
342,9,log_loss,19,0.7708333333333334,0.8867924528301887,0.7124183006535948,0.8529411764705882,0.0,0.613037982488593,0.734375,0.9159663865546218,0.5178571428571429,0.0,0.5420496323529411,0.8034188034188035,0.8014705882352942,0.6444444444444445,0,0.5623334590246355
